RND,model,MSE,LPIPS_alex,LPIPS_vgg,LPIPS_squeeze,LPIPS_alex_norsz,LPIPS_vgg_norsz,LPIPS_squeeze_norsz
0,EDM,0.0,0.0,0.0,0.0,0.0,0.0,0.0
0,Gaussian,0.011793078,0.32897305488586426,0.42304521799087524,0.25995004177093506,0.19431500136852264,0.3669235408306122,0.2827582061290741
0,Delta,0.040449645,0.43604540824890137,0.5720566511154175,0.3733880817890167,0.2535851299762726,0.45862483978271484,0.287927508354187
1,EDM,0.0,0.0,0.0,0.0,0.0,0.0,0.0
1,Gaussian,0.018432625,0.4341719150543213,0.4600527286529541,0.34205150604248047,0.32138341665267944,0.4751776158809662,0.3739222288131714
1,Delta,0.05742197,0.37249791622161865,0.4387344419956207,0.27665606141090393,0.20976361632347107,0.3947070837020874,0.1612551063299179
2,EDM,0.0,0.0,0.0,0.0,0.0,0.0,0.0
2,Gaussian,0.01005387,0.33321449160575867,0.38142260909080505,0.26165783405303955,0.16926954686641693,0.3671383857727051,0.2756848633289337
2,Delta,0.027925484,0.3085314929485321,0.41941580176353455,0.23505806922912598,0.16051937639713287,0.3490064740180969,0.16135291755199432
3,EDM,0.0,0.0,0.0,0.0,0.0,0.0,0.0
3,Gaussian,0.02129483,0.3856755793094635,0.4078770577907562,0.3038741648197174,0.24799171090126038,0.4510152339935303,0.36578160524368286
3,Delta,0.10983873,0.5084454417228699,0.6126866936683655,0.44971588253974915,0.3637687861919403,0.5418736338615417,0.3506653606891632
4,EDM,0.0,0.0,0.0,0.0,0.0,0.0,0.0
4,Gaussian,0.014141239,0.3250550925731659,0.4159603416919708,0.28182265162467957,0.2360909879207611,0.3966277241706848,0.2643546462059021
4,Delta,0.052105587,0.37668734788894653,0.472443163394928,0.29997482895851135,0.1861831247806549,0.36508846282958984,0.18918992578983307
5,EDM,0.0,0.0,0.0,0.0,0.0,0.0,0.0
5,Gaussian,0.010937259,0.3011094629764557,0.3481389284133911,0.23963810503482819,0.17571526765823364,0.30336523056030273,0.2171964943408966
5,Delta,0.05313548,0.3378455936908722,0.4245699346065521,0.25210314989089966,0.14504332840442657,0.3483428359031677,0.17876148223876953
6,EDM,0.0,0.0,0.0,0.0,0.0,0.0,0.0
6,Gaussian,0.009047437,0.2862907648086548,0.38686442375183105,0.26224270462989807,0.19529446959495544,0.3480741083621979,0.23319505155086517
6,Delta,0.023139589,0.30907052755355835,0.4158238470554352,0.2623994052410126,0.11204799264669418,0.3355172872543335,0.17946983873844147
7,EDM,0.0,0.0,0.0,0.0,0.0,0.0,0.0
7,Gaussian,0.011700251,0.3566741347312927,0.38633400201797485,0.27199414372444153,0.18568414449691772,0.362718790769577,0.299275279045105
7,Delta,0.056548297,0.4652501344680786,0.55051589012146,0.36935997009277344,0.34567001461982727,0.4717068672180176,0.3035649359226227
8,EDM,0.0,0.0,0.0,0.0,0.0,0.0,0.0
8,Gaussian,0.009089064,0.3269379138946533,0.4014403223991394,0.2837560772895813,0.15787965059280396,0.3731219172477722,0.28452280163764954
8,Delta,0.0468636,0.3252539336681366,0.43948766589164734,0.2558992803096771,0.11979538202285767,0.3181137144565582,0.15317800641059875
9,EDM,0.0,0.0,0.0,0.0,0.0,0.0,0.0
9,Gaussian,0.01616525,0.4445734918117523,0.49690648913383484,0.3673379123210907,0.4028332233428955,0.5244799852371216,0.37093985080718994
9,Delta,0.07952563,0.4570734202861786,0.5471134781837463,0.35608625411987305,0.28980687260627747,0.47000259160995483,0.2977694869041443
10,EDM,0.0,0.0,0.0,0.0,0.0,0.0,0.0
10,Gaussian,0.013532932,0.3544965386390686,0.42008858919143677,0.29325219988822937,0.17973946034908295,0.43247729539871216,0.31139886379241943
10,Delta,0.054596826,0.41071081161499023,0.5545575618743896,0.3546069860458374,0.3240469694137573,0.4913945198059082,0.23628734052181244
11,EDM,0.0,0.0,0.0,0.0,0.0,0.0,0.0
11,Gaussian,0.011192713,0.34037598967552185,0.38695675134658813,0.2640135884284973,0.2008405327796936,0.3617491126060486,0.29414159059524536
11,Delta,0.041770756,0.3673383593559265,0.49027952551841736,0.29238030314445496,0.19072625041007996,0.367267906665802,0.22429120540618896
12,EDM,0.0,0.0,0.0,0.0,0.0,0.0,0.0
12,Gaussian,0.011899117,0.32881829142570496,0.41581496596336365,0.2776337265968323,0.15075017511844635,0.3970363736152649,0.28002265095710754
12,Delta,0.027518326,0.4029407501220703,0.4569137692451477,0.34767428040504456,0.15110164880752563,0.4067029058933258,0.20313316583633423
13,EDM,0.0,0.0,0.0,0.0,0.0,0.0,0.0
13,Gaussian,0.015143726,0.3869224488735199,0.44216108322143555,0.31380683183670044,0.21505582332611084,0.4062478542327881,0.30974993109703064
13,Delta,0.07575215,0.457760751247406,0.56817227602005,0.34010881185531616,0.250973641872406,0.47698748111724854,0.2921900153160095
14,EDM,0.0,0.0,0.0,0.0,0.0,0.0,0.0
14,Gaussian,0.010736135,0.37354329228401184,0.431088924407959,0.3204721212387085,0.141884908080101,0.4075492024421692,0.3161360025405884
14,Delta,0.046810042,0.39511340856552124,0.5477139353752136,0.3590776026248932,0.20781578123569489,0.4089931547641754,0.19561073184013367
15,EDM,0.0,0.0,0.0,0.0,0.0,0.0,0.0
15,Gaussian,0.01760997,0.36058616638183594,0.43832436203956604,0.30309242010116577,0.17111578583717346,0.4462467432022095,0.3172503113746643
15,Delta,0.058282267,0.36617863178253174,0.5077455043792725,0.3118951916694641,0.16941994428634644,0.4100249111652374,0.23825618624687195
16,EDM,0.0,0.0,0.0,0.0,0.0,0.0,0.0
16,Gaussian,0.014173419,0.4033774137496948,0.44767242670059204,0.33759456872940063,0.2511085867881775,0.43945860862731934,0.36138278245925903
16,Delta,0.030245567,0.37777817249298096,0.46509552001953125,0.2893086075782776,0.2026982605457306,0.405550479888916,0.26122063398361206
17,EDM,0.0,0.0,0.0,0.0,0.0,0.0,0.0
17,Gaussian,0.009193297,0.32908278703689575,0.38175731897354126,0.26185715198516846,0.19739602506160736,0.3669050335884094,0.2988418638706207
17,Delta,0.049600344,0.4240754246711731,0.5416374206542969,0.3523319959640503,0.24456773698329926,0.46909886598587036,0.25919976830482483
18,EDM,0.0,0.0,0.0,0.0,0.0,0.0,0.0
18,Gaussian,0.013960798,0.3554636240005493,0.4185017943382263,0.2882090210914612,0.20788508653640747,0.37875428795814514,0.27377957105636597
18,Delta,0.046080902,0.32210689783096313,0.45386654138565063,0.2658165395259857,0.1979670375585556,0.40916794538497925,0.1147780567407608
19,EDM,0.0,0.0,0.0,0.0,0.0,0.0,0.0
19,Gaussian,0.016105441,0.3556038737297058,0.41404908895492554,0.2820897400379181,0.20661099255084991,0.34406378865242004,0.2784024178981781
19,Delta,0.06592161,0.4347544312477112,0.5742272734642029,0.34422388672828674,0.23279602825641632,0.42765456438064575,0.27458661794662476
20,EDM,0.0,0.0,0.0,0.0,0.0,0.0,0.0
20,Gaussian,0.013675849,0.39638370275497437,0.4443557858467102,0.309965044260025,0.25505268573760986,0.44098788499832153,0.3475789427757263
20,Delta,0.06932954,0.4008655548095703,0.5302451252937317,0.33589479327201843,0.27130234241485596,0.3811972737312317,0.23637248575687408
21,EDM,0.0,0.0,0.0,0.0,0.0,0.0,0.0
21,Gaussian,0.009951447,0.3664644956588745,0.41327765583992004,0.287331223487854,0.17063570022583008,0.36736631393432617,0.32929691672325134
21,Delta,0.05229113,0.41643407940864563,0.5198500156402588,0.3569563925266266,0.26988834142684937,0.4108913540840149,0.21681790053844452
22,EDM,0.0,0.0,0.0,0.0,0.0,0.0,0.0
22,Gaussian,0.01938414,0.413735032081604,0.4217527210712433,0.33584707975387573,0.21116793155670166,0.35925769805908203,0.4310729503631592
22,Delta,0.06723705,0.425606369972229,0.5054177045822144,0.3335542380809784,0.24327227473258972,0.4182591438293457,0.24821943044662476
23,EDM,0.0,0.0,0.0,0.0,0.0,0.0,0.0
23,Gaussian,0.011804823,0.30723893642425537,0.3879772424697876,0.26321959495544434,0.1578037589788437,0.3162047266960144,0.28506821393966675
23,Delta,0.04108298,0.2545088529586792,0.3754681944847107,0.2194891721010208,0.1066819503903389,0.2515571415424347,0.1288485825061798
24,EDM,0.0,0.0,0.0,0.0,0.0,0.0,0.0
24,Gaussian,0.01617078,0.3764049708843231,0.42040151357650757,0.28407058119773865,0.2958248257637024,0.38916969299316406,0.3039742708206177
24,Delta,0.05098233,0.38243916630744934,0.4728970229625702,0.2854018211364746,0.21160152554512024,0.37768012285232544,0.21687057614326477
25,EDM,0.0,0.0,0.0,0.0,0.0,0.0,0.0
25,Gaussian,0.01392595,0.34447377920150757,0.42404329776763916,0.28513646125793457,0.18694359064102173,0.3927198648452759,0.3037562072277069
25,Delta,0.07550684,0.45799586176872253,0.5678656101226807,0.4006650745868683,0.2973661720752716,0.5012226700782776,0.2883835732936859
26,EDM,0.0,0.0,0.0,0.0,0.0,0.0,0.0
26,Gaussian,0.015046435,0.4045087397098541,0.46444547176361084,0.3401046395301819,0.2800505757331848,0.465564101934433,0.3896271586418152
26,Delta,0.050787732,0.2920137047767639,0.40173017978668213,0.23757526278495789,0.10743709653615952,0.30942124128341675,0.15365517139434814
27,EDM,0.0,0.0,0.0,0.0,0.0,0.0,0.0
27,Gaussian,0.009452696,0.34417855739593506,0.40433070063591003,0.27967625856399536,0.22833722829818726,0.4236738979816437,0.34924012422561646
27,Delta,0.057680715,0.4982835054397583,0.5796923637390137,0.42249929904937744,0.3309418857097626,0.5497565269470215,0.364951491355896
28,EDM,0.0,0.0,0.0,0.0,0.0,0.0,0.0
28,Gaussian,0.019802732,0.417571485042572,0.48420488834381104,0.3443419933319092,0.2808838486671448,0.4396896958351135,0.352050244808197
28,Delta,0.04153933,0.2801223695278168,0.3819325864315033,0.24335461854934692,0.17107635736465454,0.3122856318950653,0.19588473439216614
29,EDM,0.0,0.0,0.0,0.0,0.0,0.0,0.0
29,Gaussian,0.014112498,0.4023995101451874,0.4245631992816925,0.3043206036090851,0.1783108413219452,0.3896779716014862,0.35483837127685547
29,Delta,0.036490057,0.32091179490089417,0.410832941532135,0.2252972573041916,0.22122371196746826,0.3617152273654938,0.19089266657829285
30,EDM,0.0,0.0,0.0,0.0,0.0,0.0,0.0
30,Gaussian,0.023456046,0.41610413789749146,0.4868716299533844,0.3433283567428589,0.2849269509315491,0.44675952196121216,0.40805041790008545
30,Delta,0.06381851,0.32141146063804626,0.41646021604537964,0.24676433205604553,0.18810535967350006,0.2990869879722595,0.17036116123199463
31,EDM,0.0,0.0,0.0,0.0,0.0,0.0,0.0
31,Gaussian,0.013495942,0.34087860584259033,0.39455604553222656,0.2865926921367645,0.18353894352912903,0.36826109886169434,0.25415703654289246
31,Delta,0.027308242,0.3437458276748657,0.4800183176994324,0.2658952474594116,0.17102696001529694,0.36073175072669983,0.2073466181755066
32,EDM,0.0,0.0,0.0,0.0,0.0,0.0,0.0
32,Gaussian,0.00861228,0.3639918267726898,0.42209288477897644,0.298798143863678,0.29141488671302795,0.42312660813331604,0.28036245703697205
32,Delta,0.036517177,0.4363378882408142,0.5338530540466309,0.33297786116600037,0.2870774567127228,0.5001746416091919,0.24809658527374268
33,EDM,0.0,0.0,0.0,0.0,0.0,0.0,0.0
33,Gaussian,0.012189195,0.352355420589447,0.39939630031585693,0.282951295375824,0.1848314106464386,0.38494426012039185,0.28093069791793823
33,Delta,0.042720348,0.32156649231910706,0.4128454625606537,0.26785552501678467,0.19736281037330627,0.3361666798591614,0.18514573574066162
34,EDM,0.0,0.0,0.0,0.0,0.0,0.0,0.0
34,Gaussian,0.020831598,0.4171013832092285,0.46580106019973755,0.3255878686904907,0.29933977127075195,0.43892738223075867,0.3278985023498535
34,Delta,0.10017353,0.5479794144630432,0.64991295337677,0.46275851130485535,0.33290740847587585,0.5549313426017761,0.3427230417728424
35,EDM,0.0,0.0,0.0,0.0,0.0,0.0,0.0
35,Gaussian,0.0115657495,0.3608492314815521,0.4357302188873291,0.309131383895874,0.23059962689876556,0.4326234459877014,0.311086505651474
35,Delta,0.04550526,0.36681652069091797,0.5045939087867737,0.32370126247406006,0.2183912992477417,0.41855061054229736,0.23381589353084564
36,EDM,0.0,0.0,0.0,0.0,0.0,0.0,0.0
36,Gaussian,0.012746982,0.3930279016494751,0.4061211347579956,0.2945914566516876,0.273578405380249,0.3699186146259308,0.2962881326675415
36,Delta,0.052479427,0.4847526550292969,0.6191648244857788,0.41517579555511475,0.3240174651145935,0.5337111949920654,0.32731717824935913
37,EDM,0.0,0.0,0.0,0.0,0.0,0.0,0.0
37,Gaussian,0.017594153,0.36889034509658813,0.43795639276504517,0.3141207993030548,0.26367834210395813,0.444637656211853,0.39498960971832275
37,Delta,0.045270473,0.2870251536369324,0.39250725507736206,0.21494869887828827,0.13216263055801392,0.280805766582489,0.131281316280365
38,EDM,0.0,0.0,0.0,0.0,0.0,0.0,0.0
38,Gaussian,0.01347321,0.3532107472419739,0.4174557328224182,0.2552458941936493,0.21264976263046265,0.41884922981262207,0.32388174533843994
38,Delta,0.061902672,0.41152986884117126,0.5007138252258301,0.3463733196258545,0.21751366555690765,0.445068895816803,0.22761858999729156
39,EDM,0.0,0.0,0.0,0.0,0.0,0.0,0.0
39,Gaussian,0.016073229,0.3910031020641327,0.44828474521636963,0.3062179386615753,0.22258250415325165,0.44453442096710205,0.38163334131240845
39,Delta,0.063807614,0.4158347547054291,0.5171516537666321,0.3530697822570801,0.23107624053955078,0.4285740554332733,0.25415292382240295
40,EDM,0.0,0.0,0.0,0.0,0.0,0.0,0.0
40,Gaussian,0.018361827,0.4240085482597351,0.44020432233810425,0.32008790969848633,0.22850017249584198,0.4335247576236725,0.35964110493659973
40,Delta,0.060793657,0.4314146041870117,0.509834885597229,0.3325284719467163,0.24443790316581726,0.4617043733596802,0.2540889084339142
41,EDM,0.0,0.0,0.0,0.0,0.0,0.0,0.0
41,Gaussian,0.018064294,0.380106657743454,0.4523862600326538,0.30508801341056824,0.18905243277549744,0.41871756315231323,0.3453572988510132
41,Delta,0.07959163,0.5137723684310913,0.5968260169029236,0.4355517327785492,0.2897944450378418,0.5619649291038513,0.26823708415031433
42,EDM,0.0,0.0,0.0,0.0,0.0,0.0,0.0
42,Gaussian,0.009580165,0.41702893376350403,0.44831085205078125,0.3387854993343353,0.246351420879364,0.4419565200805664,0.321624755859375
42,Delta,0.025910273,0.3387256860733032,0.42972037196159363,0.26067760586738586,0.17152884602546692,0.3294854760169983,0.18744388222694397
43,EDM,0.0,0.0,0.0,0.0,0.0,0.0,0.0
43,Gaussian,0.016120737,0.3846728205680847,0.4399701952934265,0.30190548300743103,0.3112178444862366,0.4322682023048401,0.39120349287986755
43,Delta,0.03646637,0.2669638395309448,0.38091984391212463,0.2044428586959839,0.13239863514900208,0.2779635787010193,0.1446579396724701
44,EDM,0.0,0.0,0.0,0.0,0.0,0.0,0.0
44,Gaussian,0.03206475,0.39833560585975647,0.45486265420913696,0.3361389935016632,0.25129759311676025,0.42987483739852905,0.3572140336036682
44,Delta,0.049717646,0.31355318427085876,0.4186858534812927,0.2565389573574066,0.19069072604179382,0.3209470808506012,0.16234628856182098
45,EDM,0.0,0.0,0.0,0.0,0.0,0.0,0.0
45,Gaussian,0.016506813,0.3843434154987335,0.4212789833545685,0.3159506618976593,0.20492543280124664,0.4031691551208496,0.3226945400238037
45,Delta,0.055529613,0.3471505343914032,0.4282171428203583,0.25272560119628906,0.19923359155654907,0.31120413541793823,0.19812598824501038
46,EDM,0.0,0.0,0.0,0.0,0.0,0.0,0.0
46,Gaussian,0.014006647,0.38616305589675903,0.39710456132888794,0.2880789339542389,0.1960233896970749,0.40360817313194275,0.34687894582748413
46,Delta,0.03237355,0.3878973722457886,0.4640503227710724,0.2970753312110901,0.20219959318637848,0.39877352118492126,0.20065811276435852
47,EDM,0.0,0.0,0.0,0.0,0.0,0.0,0.0
47,Gaussian,0.013860348,0.4067264199256897,0.43634724617004395,0.31051063537597656,0.28686612844467163,0.46433714032173157,0.37355151772499084
47,Delta,0.08231937,0.5057823061943054,0.5871601104736328,0.39810630679130554,0.3224475085735321,0.5007460713386536,0.31064939498901367
48,EDM,0.0,0.0,0.0,0.0,0.0,0.0,0.0
48,Gaussian,0.030286014,0.42902714014053345,0.484859436750412,0.3573514521121979,0.3263610303401947,0.5030535459518433,0.4145704507827759
48,Delta,0.08021806,0.4586249589920044,0.5442308783531189,0.38335224986076355,0.26018309593200684,0.5592576265335083,0.2956807613372803
49,EDM,0.0,0.0,0.0,0.0,0.0,0.0,0.0
49,Gaussian,0.008536228,0.3424518406391144,0.39828822016716003,0.281729131937027,0.1397503912448883,0.3562287986278534,0.2749139368534088
49,Delta,0.0299317,0.345683217048645,0.47757378220558167,0.27473291754722595,0.19559398293495178,0.36124950647354126,0.18003150820732117
50,EDM,0.0,0.0,0.0,0.0,0.0,0.0,0.0
50,Gaussian,0.020336779,0.4343818724155426,0.4643354117870331,0.3405678868293762,0.27190959453582764,0.4461919665336609,0.39110973477363586
50,Delta,0.057207894,0.4098556637763977,0.4910140931606293,0.31664255261421204,0.24973799288272858,0.44179433584213257,0.22555886209011078
51,EDM,0.0,0.0,0.0,0.0,0.0,0.0,0.0
51,Gaussian,0.01397678,0.323103129863739,0.39053696393966675,0.2734394669532776,0.2567235827445984,0.3594392240047455,0.2618224620819092
51,Delta,0.049062967,0.2615729868412018,0.3459736108779907,0.19695191085338593,0.13640767335891724,0.2646981179714203,0.14423929154872894
52,EDM,0.0,0.0,0.0,0.0,0.0,0.0,0.0
52,Gaussian,0.0073540173,0.32538700103759766,0.42490139603614807,0.28948459029197693,0.20141732692718506,0.4239550232887268,0.3266478478908539
52,Delta,0.033830326,0.35687217116355896,0.5146353244781494,0.3115606904029846,0.22171179950237274,0.3989795446395874,0.19958782196044922
53,EDM,0.0,0.0,0.0,0.0,0.0,0.0,0.0
53,Gaussian,0.0140575385,0.43983539938926697,0.4649224877357483,0.34434646368026733,0.2543482184410095,0.4814210534095764,0.38329872488975525
53,Delta,0.07957653,0.5126085877418518,0.6016290783882141,0.42672598361968994,0.32058313488960266,0.4724723994731903,0.3128829002380371
54,EDM,0.0,0.0,0.0,0.0,0.0,0.0,0.0
54,Gaussian,0.022086611,0.4495142698287964,0.5024861693382263,0.3595882058143616,0.31576499342918396,0.48420432209968567,0.33539533615112305
54,Delta,0.056050766,0.46352529525756836,0.6552053689956665,0.4033442437648773,0.3026275038719177,0.5054596066474915,0.28675705194473267
55,EDM,0.0,0.0,0.0,0.0,0.0,0.0,0.0
55,Gaussian,0.008698306,0.40096956491470337,0.4525091350078583,0.34596577286720276,0.2479040026664734,0.45133891701698303,0.3933278024196625
55,Delta,0.036707208,0.43088752031326294,0.5138137340545654,0.3560750484466553,0.25610411167144775,0.40814208984375,0.24264146387577057
56,EDM,0.0,0.0,0.0,0.0,0.0,0.0,0.0
56,Gaussian,0.011761203,0.3785706162452698,0.4374404847621918,0.30451467633247375,0.30564209818840027,0.41865766048431396,0.375388503074646
56,Delta,0.0538473,0.3645651340484619,0.4807358682155609,0.3136385977268219,0.286506712436676,0.42286425828933716,0.2231334149837494
57,EDM,0.0,0.0,0.0,0.0,0.0,0.0,0.0
57,Gaussian,0.01619515,0.3441004455089569,0.41035205125808716,0.27056270837783813,0.19489310681819916,0.3990480601787567,0.35384517908096313
57,Delta,0.102181755,0.4558042883872986,0.5542330741882324,0.3854544460773468,0.25401195883750916,0.43258196115493774,0.28934985399246216
58,EDM,0.0,0.0,0.0,0.0,0.0,0.0,0.0
58,Gaussian,0.016480101,0.4037604331970215,0.45845258235931396,0.3296031355857849,0.20797546207904816,0.4673689901828766,0.358805775642395
58,Delta,0.057531387,0.4237375855445862,0.48863327503204346,0.31992363929748535,0.22518326342105865,0.4044124484062195,0.20160725712776184
59,EDM,0.0,0.0,0.0,0.0,0.0,0.0,0.0
59,Gaussian,0.009627399,0.3955204486846924,0.42480671405792236,0.2841126024723053,0.25673091411590576,0.37504130601882935,0.3586474061012268
59,Delta,0.03805253,0.4364733397960663,0.5523031949996948,0.35841795802116394,0.2597386837005615,0.48263704776763916,0.3293989598751068
60,EDM,0.0,0.0,0.0,0.0,0.0,0.0,0.0
60,Gaussian,0.009970221,0.34106728434562683,0.41195765137672424,0.26660969853401184,0.19097131490707397,0.383838951587677,0.32310783863067627
60,Delta,0.04393415,0.43986421823501587,0.529396653175354,0.360376238822937,0.2635945677757263,0.43317580223083496,0.24652156233787537
61,EDM,0.0,0.0,0.0,0.0,0.0,0.0,0.0
61,Gaussian,0.011099796,0.35560572147369385,0.41496536135673523,0.2777586579322815,0.19333824515342712,0.4041951298713684,0.2846825122833252
61,Delta,0.05030331,0.403581440448761,0.5161243677139282,0.3236406743526459,0.22449062764644623,0.3961816132068634,0.2306801974773407
62,EDM,0.0,0.0,0.0,0.0,0.0,0.0,0.0
62,Gaussian,0.012109655,0.33222055435180664,0.38851678371429443,0.2796589434146881,0.15536853671073914,0.33598148822784424,0.3022053837776184
62,Delta,0.057827163,0.4475977420806885,0.5302873253822327,0.3696727156639099,0.23985834419727325,0.4746065139770508,0.25659480690956116
63,EDM,0.0,0.0,0.0,0.0,0.0,0.0,0.0
63,Gaussian,0.014729888,0.35869014263153076,0.4030555188655853,0.28731298446655273,0.17758139967918396,0.3977929949760437,0.30194091796875
63,Delta,0.060980845,0.43354782462120056,0.5187410712242126,0.3829686939716339,0.27115875482559204,0.46619880199432373,0.23558630049228668
64,EDM,0.0,0.0,0.0,0.0,0.0,0.0,0.0
64,Gaussian,0.013244395,0.3341010808944702,0.40211057662963867,0.2938978374004364,0.22597652673721313,0.41185903549194336,0.2753158211708069
64,Delta,0.060381074,0.4369859993457794,0.5199606418609619,0.35831236839294434,0.2825149595737457,0.4382004141807556,0.2640567719936371
65,EDM,0.0,0.0,0.0,0.0,0.0,0.0,0.0
65,Gaussian,0.010875188,0.3859331011772156,0.4262028932571411,0.3134554326534271,0.25074896216392517,0.4131348431110382,0.380463182926178
65,Delta,0.073596604,0.4297342300415039,0.5240657329559326,0.3450004458427429,0.2023351490497589,0.43431299924850464,0.2833201289176941
66,EDM,0.0,0.0,0.0,0.0,0.0,0.0,0.0
66,Gaussian,0.01485531,0.40655985474586487,0.4659320116043091,0.3400242030620575,0.2824811041355133,0.4866158664226532,0.39737212657928467
66,Delta,0.037693743,0.3804525136947632,0.473324179649353,0.30060213804244995,0.2333759069442749,0.4370186924934387,0.22302961349487305
67,EDM,0.0,0.0,0.0,0.0,0.0,0.0,0.0
67,Gaussian,0.016497897,0.45510903000831604,0.46323347091674805,0.35259491205215454,0.26538795232772827,0.46158260107040405,0.34993553161621094
67,Delta,0.053517055,0.4710647761821747,0.563369631767273,0.3913712203502655,0.28695914149284363,0.49747735261917114,0.28231778740882874
68,EDM,0.0,0.0,0.0,0.0,0.0,0.0,0.0
68,Gaussian,0.035654802,0.43016937375068665,0.47847694158554077,0.3500460982322693,0.30583640933036804,0.5039634704589844,0.4166584610939026
68,Delta,0.08803695,0.43038755655288696,0.5205820798873901,0.33927828073501587,0.23563581705093384,0.4647359251976013,0.23792728781700134
69,EDM,0.0,0.0,0.0,0.0,0.0,0.0,0.0
69,Gaussian,0.01862452,0.4490565061569214,0.4614509642124176,0.3403054177761078,0.35874974727630615,0.47208768129348755,0.35463452339172363
69,Delta,0.06789731,0.45720237493515015,0.5406492352485657,0.3637884259223938,0.323769211769104,0.5177828073501587,0.3331108093261719
70,EDM,0.0,0.0,0.0,0.0,0.0,0.0,0.0
70,Gaussian,0.011455573,0.3680741786956787,0.4451134502887726,0.3300769031047821,0.20247642695903778,0.4410127103328705,0.30921652913093567
70,Delta,0.03597281,0.3802504539489746,0.5036430358886719,0.3125379681587219,0.19902193546295166,0.41259127855300903,0.3026043474674225
71,EDM,0.0,0.0,0.0,0.0,0.0,0.0,0.0
71,Gaussian,0.011074521,0.3760696053504944,0.4203091263771057,0.27557724714279175,0.2151801884174347,0.41394513845443726,0.29619038105010986
71,Delta,0.03536829,0.3462603986263275,0.47887617349624634,0.26632198691368103,0.24738192558288574,0.34170329570770264,0.1989133656024933
72,EDM,0.0,0.0,0.0,0.0,0.0,0.0,0.0
72,Gaussian,0.01307325,0.3319947123527527,0.41066017746925354,0.27243316173553467,0.11831429600715637,0.3246244788169861,0.2957042455673218
72,Delta,0.053941876,0.4020295739173889,0.46371588110923767,0.310837984085083,0.18593010306358337,0.405618280172348,0.21392612159252167
73,EDM,0.0,0.0,0.0,0.0,0.0,0.0,0.0
73,Gaussian,0.010482281,0.36403995752334595,0.4036100506782532,0.2730638086795807,0.23558062314987183,0.39702677726745605,0.3308238387107849
73,Delta,0.0771561,0.4379556179046631,0.5441077947616577,0.36848509311676025,0.282329261302948,0.4485597610473633,0.2459457814693451
74,EDM,0.0,0.0,0.0,0.0,0.0,0.0,0.0
74,Gaussian,0.011822946,0.34926414489746094,0.41624706983566284,0.288158655166626,0.2087966948747635,0.3673834800720215,0.31022730469703674
74,Delta,0.044918407,0.32740166783332825,0.4202396869659424,0.2735983729362488,0.14961543679237366,0.3698570132255554,0.17150597274303436
75,EDM,0.0,0.0,0.0,0.0,0.0,0.0,0.0
75,Gaussian,0.0106070405,0.3612253665924072,0.4213985800743103,0.27972927689552307,0.2632550597190857,0.43936818838119507,0.3516143262386322
75,Delta,0.035232104,0.36713331937789917,0.48448094725608826,0.3118850290775299,0.21658730506896973,0.38801223039627075,0.20924149453639984
76,EDM,0.0,0.0,0.0,0.0,0.0,0.0,0.0
76,Gaussian,0.010315307,0.32608506083488464,0.3803202509880066,0.2724510729312897,0.1418122947216034,0.34809091687202454,0.2675027549266815
76,Delta,0.04312555,0.4233810007572174,0.5721119046211243,0.36697739362716675,0.21319985389709473,0.4722237288951874,0.2967527508735657
77,EDM,0.0,0.0,0.0,0.0,0.0,0.0,0.0
77,Gaussian,0.009296416,0.33282706141471863,0.4186035096645355,0.26304346323013306,0.22095656394958496,0.37587249279022217,0.35376083850860596
77,Delta,0.06430166,0.38378286361694336,0.48686474561691284,0.3085460960865021,0.22379061579704285,0.3772047758102417,0.2772362530231476
78,EDM,0.0,0.0,0.0,0.0,0.0,0.0,0.0
78,Gaussian,0.012831967,0.40881219506263733,0.431701123714447,0.2938952147960663,0.27998030185699463,0.44151633977890015,0.2952515482902527
78,Delta,0.05398233,0.4352916479110718,0.5817556381225586,0.3475185036659241,0.27267953753471375,0.45594021677970886,0.2981832027435303
79,EDM,0.0,0.0,0.0,0.0,0.0,0.0,0.0
79,Gaussian,0.014494491,0.33366161584854126,0.4163740873336792,0.28704726696014404,0.18542347848415375,0.38692304491996765,0.35514330863952637
79,Delta,0.08718433,0.42806458473205566,0.5669420957565308,0.37062039971351624,0.2593727707862854,0.4085668623447418,0.2477855533361435
80,EDM,0.0,0.0,0.0,0.0,0.0,0.0,0.0
80,Gaussian,0.009313185,0.37943142652511597,0.4216408431529999,0.30049699544906616,0.20862799882888794,0.4040067195892334,0.3334352374076843
80,Delta,0.04214931,0.3628251850605011,0.48859357833862305,0.32067379355430603,0.21421685814857483,0.37435969710350037,0.22904659807682037
81,EDM,0.0,0.0,0.0,0.0,0.0,0.0,0.0
81,Gaussian,0.027023008,0.4048333466053009,0.48284175992012024,0.3263355493545532,0.22887587547302246,0.4377484917640686,0.3907569944858551
81,Delta,0.032403436,0.154120072722435,0.22393576800823212,0.1159987822175026,0.09683356434106827,0.1492922306060791,0.08604636788368225
82,EDM,0.0,0.0,0.0,0.0,0.0,0.0,0.0
82,Gaussian,0.012157281,0.34472036361694336,0.40957412123680115,0.2711941599845886,0.15720006823539734,0.3652501106262207,0.30521440505981445
82,Delta,0.04023316,0.33990272879600525,0.45497003197669983,0.26969683170318604,0.1609286516904831,0.3602115511894226,0.16223761439323425
83,EDM,0.0,0.0,0.0,0.0,0.0,0.0,0.0
83,Gaussian,0.013418674,0.3936736583709717,0.4410545527935028,0.32392418384552,0.22326062619686127,0.41307398676872253,0.382750004529953
83,Delta,0.027929133,0.35454967617988586,0.4739871621131897,0.2948138415813446,0.1923915296792984,0.3776296377182007,0.2258860468864441
84,EDM,0.0,0.0,0.0,0.0,0.0,0.0,0.0
84,Gaussian,0.010357745,0.3536587953567505,0.40613073110580444,0.2701094150543213,0.17911672592163086,0.39715132117271423,0.30063968896865845
84,Delta,0.051493455,0.31484857201576233,0.46194469928741455,0.22894412279129028,0.1284787356853485,0.33411234617233276,0.1453140527009964
85,EDM,0.0,0.0,0.0,0.0,0.0,0.0,0.0
85,Gaussian,0.016521107,0.4223106801509857,0.45684897899627686,0.3332980275154114,0.29399821162223816,0.447926789522171,0.35407814383506775
85,Delta,0.04160714,0.37492427229881287,0.4892575442790985,0.3048432171344757,0.18044991791248322,0.3781275749206543,0.2062617540359497
86,EDM,0.0,0.0,0.0,0.0,0.0,0.0,0.0
86,Gaussian,0.008977894,0.3046937584877014,0.3532320261001587,0.2395545095205307,0.1255614012479782,0.3553054630756378,0.31747493147850037
86,Delta,0.042264264,0.3652840256690979,0.48174020648002625,0.2839731276035309,0.1587325930595398,0.36607760190963745,0.15583214163780212
87,EDM,0.0,0.0,0.0,0.0,0.0,0.0,0.0
87,Gaussian,0.01176618,0.36646410822868347,0.41678041219711304,0.2987159788608551,0.2482059895992279,0.4214326739311218,0.36641520261764526
87,Delta,0.035352573,0.38561609387397766,0.49741947650909424,0.3168259859085083,0.22304542362689972,0.39057958126068115,0.18811163306236267
88,EDM,0.0,0.0,0.0,0.0,0.0,0.0,0.0
88,Gaussian,0.01102505,0.3588508367538452,0.41807878017425537,0.3255632519721985,0.33940762281417847,0.4534631371498108,0.4054747521877289
88,Delta,0.023853535,0.32890617847442627,0.496786892414093,0.2899785041809082,0.22072413563728333,0.401660293340683,0.2187076061964035
89,EDM,0.0,0.0,0.0,0.0,0.0,0.0,0.0
89,Gaussian,0.012312904,0.3597797453403473,0.4146256446838379,0.2745322585105896,0.20074760913848877,0.37991541624069214,0.31966185569763184
89,Delta,0.056783874,0.35246074199676514,0.46699362993240356,0.2809922695159912,0.14962927997112274,0.37721794843673706,0.1746799349784851
90,EDM,0.0,0.0,0.0,0.0,0.0,0.0,0.0
90,Gaussian,0.011820003,0.37825608253479004,0.42792075872421265,0.28868645429611206,0.30305665731430054,0.4157039225101471,0.32013943791389465
90,Delta,0.04208305,0.4276926517486572,0.5440464615821838,0.3400380313396454,0.3103351593017578,0.436210572719574,0.26081085205078125
91,EDM,0.0,0.0,0.0,0.0,0.0,0.0,0.0
91,Gaussian,0.019100564,0.42170876264572144,0.4433640241622925,0.30825287103652954,0.2551342248916626,0.44400760531425476,0.3676663041114807
91,Delta,0.06768588,0.5351630449295044,0.6363528966903687,0.44711145758628845,0.32279086112976074,0.5343661308288574,0.35184645652770996
92,EDM,0.0,0.0,0.0,0.0,0.0,0.0,0.0
92,Gaussian,0.015143898,0.40066322684288025,0.4356008768081665,0.3101791739463806,0.18340766429901123,0.4400942027568817,0.41928574442863464
92,Delta,0.05754432,0.41629958152770996,0.5100432634353638,0.3580590784549713,0.18616840243339539,0.45759543776512146,0.2400222271680832
93,EDM,0.0,0.0,0.0,0.0,0.0,0.0,0.0
93,Gaussian,0.01268079,0.41943398118019104,0.4614461362361908,0.3451157510280609,0.30239763855934143,0.4477789103984833,0.39147812128067017
93,Delta,0.027806366,0.2955540418624878,0.3718816637992859,0.21381260454654694,0.17214615643024445,0.3015315532684326,0.15533822774887085
94,EDM,0.0,0.0,0.0,0.0,0.0,0.0,0.0
94,Gaussian,0.026353776,0.371415913105011,0.4420772194862366,0.3009404242038727,0.23604318499565125,0.4174336791038513,0.3100706934928894
94,Delta,0.06679251,0.30963101983070374,0.4020017683506012,0.2318626344203949,0.12652544677257538,0.34314534068107605,0.1678054928779602
95,EDM,0.0,0.0,0.0,0.0,0.0,0.0,0.0
95,Gaussian,0.012292127,0.3047293424606323,0.3527071177959442,0.23823900520801544,0.12898766994476318,0.30170929431915283,0.27902624011039734
95,Delta,0.054471243,0.412651002407074,0.5488561987876892,0.3696785569190979,0.1905265897512436,0.4167899191379547,0.24270689487457275
96,EDM,0.0,0.0,0.0,0.0,0.0,0.0,0.0
96,Gaussian,0.010906589,0.4310781955718994,0.456119567155838,0.35804954171180725,0.27667176723480225,0.41222819685935974,0.36260414123535156
96,Delta,0.04257722,0.49181023240089417,0.5472885370254517,0.41346099972724915,0.36277827620506287,0.5617113709449768,0.4139128625392914
97,EDM,0.0,0.0,0.0,0.0,0.0,0.0,0.0
97,Gaussian,0.012642946,0.3548116981983185,0.3930683732032776,0.27099642157554626,0.15740877389907837,0.34825244545936584,0.2780064344406128
97,Delta,0.06508249,0.3851861357688904,0.5469469428062439,0.34528031945228577,0.19385409355163574,0.4514461159706116,0.2455318570137024
98,EDM,0.0,0.0,0.0,0.0,0.0,0.0,0.0
98,Gaussian,0.016751088,0.3273944854736328,0.4214826226234436,0.2899993360042572,0.24083754420280457,0.41121065616607666,0.3228205144405365
98,Delta,0.035641465,0.25640299916267395,0.38427865505218506,0.21665412187576294,0.11326032876968384,0.32014724612236023,0.15940608084201813
99,EDM,0.0,0.0,0.0,0.0,0.0,0.0,0.0
99,Gaussian,0.013026674,0.34897762537002563,0.4122130870819092,0.2826361656188965,0.22630834579467773,0.3991054892539978,0.36205193400382996
99,Delta,0.06505445,0.42339611053466797,0.6040467619895935,0.3642203211784363,0.20637252926826477,0.48486328125,0.2685469090938568
100,EDM,0.0,0.0,0.0,0.0,0.0,0.0,0.0
100,Gaussian,0.017034428,0.32282283902168274,0.429345965385437,0.2772521376609802,0.21201737225055695,0.3676428198814392,0.2967802584171295
100,Delta,0.0609133,0.36862581968307495,0.5233170986175537,0.3167625963687897,0.2122972011566162,0.43001240491867065,0.2250726819038391
101,EDM,0.0,0.0,0.0,0.0,0.0,0.0,0.0
101,Gaussian,0.016174247,0.33958712220191956,0.40963834524154663,0.2876497209072113,0.16801118850708008,0.3875218331813812,0.2768259048461914
101,Delta,0.03978448,0.28476691246032715,0.39485737681388855,0.2578836679458618,0.13111941516399384,0.2860790193080902,0.14904744923114777
102,EDM,0.0,0.0,0.0,0.0,0.0,0.0,0.0
102,Gaussian,0.014727883,0.35928040742874146,0.4272341728210449,0.2982780933380127,0.1776341199874878,0.40462082624435425,0.27358415722846985
102,Delta,0.061217617,0.42781099677085876,0.5343168377876282,0.32833337783813477,0.28191643953323364,0.41725388169288635,0.256613552570343
103,EDM,0.0,0.0,0.0,0.0,0.0,0.0,0.0
103,Gaussian,0.0075368336,0.32463541626930237,0.3779259920120239,0.2742402255535126,0.2551196813583374,0.34539806842803955,0.23319314420223236
103,Delta,0.053276133,0.4423375129699707,0.5735948085784912,0.37891972064971924,0.3004791736602783,0.4936685562133789,0.33527591824531555
104,EDM,0.0,0.0,0.0,0.0,0.0,0.0,0.0
104,Gaussian,0.010655587,0.30570587515830994,0.3566027283668518,0.24171069264411926,0.09653031826019287,0.28518617153167725,0.24808914959430695
104,Delta,0.0639346,0.3689689338207245,0.49511080980300903,0.27634885907173157,0.1816374510526657,0.3716590106487274,0.1982741802930832
105,EDM,0.0,0.0,0.0,0.0,0.0,0.0,0.0
105,Gaussian,0.0182777,0.4133889377117157,0.46520131826400757,0.30494794249534607,0.24009636044502258,0.48822319507598877,0.3809909522533417
105,Delta,0.04185183,0.4087018668651581,0.5202386975288391,0.3224930167198181,0.1496909260749817,0.4263663589954376,0.23488208651542664
106,EDM,0.0,0.0,0.0,0.0,0.0,0.0,0.0
106,Gaussian,0.009204439,0.33506345748901367,0.4011210799217224,0.27512049674987793,0.21081390976905823,0.37763553857803345,0.31531623005867004
106,Delta,0.08796274,0.5030545592308044,0.6849610209465027,0.4281555712223053,0.2570785880088806,0.5114812850952148,0.2974380552768707
107,EDM,0.0,0.0,0.0,0.0,0.0,0.0,0.0
107,Gaussian,0.010542467,0.31115540862083435,0.37868744134902954,0.2514990270137787,0.12324923276901245,0.3239684998989105,0.21190139651298523
107,Delta,0.0451201,0.4100026786327362,0.5122604966163635,0.33907270431518555,0.21194706857204437,0.45041993260383606,0.28238922357559204
108,EDM,0.0,0.0,0.0,0.0,0.0,0.0,0.0
108,Gaussian,0.008595936,0.35420942306518555,0.43708574771881104,0.3009567856788635,0.1906585395336151,0.43716880679130554,0.3350982666015625
108,Delta,0.03181487,0.32019639015197754,0.44164609909057617,0.2690148651599884,0.14238664507865906,0.33065932989120483,0.140842005610466
109,EDM,0.0,0.0,0.0,0.0,0.0,0.0,0.0
109,Gaussian,0.015673606,0.34115418791770935,0.3865082859992981,0.2591431140899658,0.2003379464149475,0.3260510265827179,0.2909764349460602
109,Delta,0.07058034,0.4580921232700348,0.6151003241539001,0.38330766558647156,0.2824172377586365,0.48038020730018616,0.23532460629940033
110,EDM,0.0,0.0,0.0,0.0,0.0,0.0,0.0
110,Gaussian,0.012842695,0.3758662939071655,0.4348757863044739,0.32269543409347534,0.32308948040008545,0.4366704523563385,0.38966405391693115
110,Delta,0.037309367,0.28746718168258667,0.42204973101615906,0.24315619468688965,0.11998343467712402,0.29035308957099915,0.16293536126613617
111,EDM,0.0,0.0,0.0,0.0,0.0,0.0,0.0
111,Gaussian,0.011214152,0.3293968439102173,0.38249653577804565,0.2565385699272156,0.21311087906360626,0.3661624789237976,0.30113235116004944
111,Delta,0.04355004,0.3305354118347168,0.4228940010070801,0.24811163544654846,0.14730717241764069,0.40162068605422974,0.15438354015350342
112,EDM,0.0,0.0,0.0,0.0,0.0,0.0,0.0
112,Gaussian,0.01100246,0.4291929602622986,0.47951027750968933,0.3481295108795166,0.3050360083580017,0.4950164258480072,0.4473559260368347
112,Delta,0.025838086,0.3562615215778351,0.42522433400154114,0.26645341515541077,0.1413823962211609,0.3962375223636627,0.23278197646141052
113,EDM,0.0,0.0,0.0,0.0,0.0,0.0,0.0
113,Gaussian,0.023715561,0.4244917333126068,0.44611865282058716,0.3329853415489197,0.23621496558189392,0.47652432322502136,0.36229750514030457
113,Delta,0.11177788,0.5081756711006165,0.6101825833320618,0.43496960401535034,0.2712702751159668,0.49244531989097595,0.330633282661438
114,EDM,0.0,0.0,0.0,0.0,0.0,0.0,0.0
114,Gaussian,0.030041093,0.4053346812725067,0.4522894620895386,0.3204483389854431,0.19605344533920288,0.4251773953437805,0.33055630326271057
114,Delta,0.060747903,0.2673919200897217,0.3741873502731323,0.1959356963634491,0.10304039716720581,0.24318835139274597,0.10879109054803848
115,EDM,0.0,0.0,0.0,0.0,0.0,0.0,0.0
115,Gaussian,0.014096771,0.35908669233322144,0.4504481554031372,0.3031987249851227,0.18427860736846924,0.38301652669906616,0.32306739687919617
115,Delta,0.04470216,0.3711453676223755,0.5021662712097168,0.3076936900615692,0.23975546658039093,0.42310428619384766,0.21836429834365845
116,EDM,0.0,0.0,0.0,0.0,0.0,0.0,0.0
116,Gaussian,0.014402959,0.435985803604126,0.4629545211791992,0.3133178949356079,0.3197254538536072,0.46393099427223206,0.3792198896408081
116,Delta,0.07285407,0.45232969522476196,0.5610906481742859,0.3676120936870575,0.23063571751117706,0.43627774715423584,0.24358060956001282
117,EDM,0.0,0.0,0.0,0.0,0.0,0.0,0.0
117,Gaussian,0.010286092,0.36743929982185364,0.4344645142555237,0.29447296261787415,0.21463581919670105,0.3949934244155884,0.3853996992111206
117,Delta,0.05249129,0.44474926590919495,0.5461575984954834,0.3663235008716583,0.2581841051578522,0.4811047315597534,0.28280875086784363
118,EDM,0.0,0.0,0.0,0.0,0.0,0.0,0.0
118,Gaussian,0.011886316,0.37063276767730713,0.4429519772529602,0.3199150860309601,0.21907781064510345,0.3893681466579437,0.36761024594306946
118,Delta,0.045012813,0.3508201539516449,0.4482128918170929,0.28993603587150574,0.20892783999443054,0.3717219829559326,0.27921417355537415
119,EDM,0.0,0.0,0.0,0.0,0.0,0.0,0.0
119,Gaussian,0.009348487,0.32656872272491455,0.4252929389476776,0.2811056673526764,0.19183693826198578,0.4022153615951538,0.3121274709701538
119,Delta,0.0433885,0.3862351179122925,0.5317230224609375,0.3020663857460022,0.24401681125164032,0.4089314341545105,0.19837340712547302
120,EDM,0.0,0.0,0.0,0.0,0.0,0.0,0.0
120,Gaussian,0.015207847,0.326829731464386,0.39211151003837585,0.2635204792022705,0.1471545398235321,0.36497801542282104,0.2970389127731323
120,Delta,0.043584127,0.3167531192302704,0.4295448660850525,0.2450259029865265,0.13511133193969727,0.30165430903434753,0.15356454253196716
121,EDM,0.0,0.0,0.0,0.0,0.0,0.0,0.0
121,Gaussian,0.013887943,0.38678106665611267,0.4320557117462158,0.30731627345085144,0.16904354095458984,0.38411465287208557,0.34578731656074524
121,Delta,0.046719193,0.37184715270996094,0.47592878341674805,0.29388758540153503,0.23599828779697418,0.4009642004966736,0.21735824644565582
122,EDM,0.0,0.0,0.0,0.0,0.0,0.0,0.0
122,Gaussian,0.014634602,0.3844863474369049,0.45883500576019287,0.3265267014503479,0.2884714901447296,0.4228651523590088,0.4135800004005432
122,Delta,0.051764175,0.38624557852745056,0.5076157450675964,0.3027300238609314,0.2318752110004425,0.39532649517059326,0.23471827805042267
123,EDM,0.0,0.0,0.0,0.0,0.0,0.0,0.0
123,Gaussian,0.010498556,0.3439609110355377,0.41424816846847534,0.2857359051704407,0.19660165905952454,0.3476915657520294,0.27954113483428955
123,Delta,0.08011935,0.4331858158111572,0.5331460237503052,0.3672153353691101,0.22905978560447693,0.4030529856681824,0.3002084493637085
124,EDM,0.0,0.0,0.0,0.0,0.0,0.0,0.0
124,Gaussian,0.008829945,0.29288604855537415,0.3216208815574646,0.24665093421936035,0.2168673574924469,0.2916155457496643,0.2826603055000305
124,Delta,0.022007694,0.2628156542778015,0.352276474237442,0.20051123201847076,0.1237119734287262,0.2788226306438446,0.13090792298316956
125,EDM,0.0,0.0,0.0,0.0,0.0,0.0,0.0
125,Gaussian,0.016428368,0.4072575271129608,0.4320131838321686,0.34014245867729187,0.2357528805732727,0.458063006401062,0.3746596574783325
125,Delta,0.04798405,0.3962174654006958,0.48420843482017517,0.3349955081939697,0.1809777170419693,0.458851158618927,0.20138207077980042
126,EDM,0.0,0.0,0.0,0.0,0.0,0.0,0.0
126,Gaussian,0.01721055,0.3879249095916748,0.44634300470352173,0.32164624333381653,0.2713024616241455,0.38394778966903687,0.38451069593429565
126,Delta,0.06533671,0.4685170352458954,0.591871976852417,0.4032313823699951,0.2705812454223633,0.4967639744281769,0.328043133020401
127,EDM,0.0,0.0,0.0,0.0,0.0,0.0,0.0
127,Gaussian,0.01367825,0.40287721157073975,0.4416051208972931,0.3506455719470978,0.2051922082901001,0.4200460910797119,0.3286760449409485
127,Delta,0.023125907,0.3405763506889343,0.414910227060318,0.2764531075954437,0.23256555199623108,0.36085760593414307,0.20848768949508667
128,EDM,0.0,0.0,0.0,0.0,0.0,0.0,0.0
128,Gaussian,0.016165176,0.3280898928642273,0.37949249148368835,0.2661205232143402,0.18618740141391754,0.3726460933685303,0.333807110786438
128,Delta,0.071505316,0.432175874710083,0.5631754994392395,0.37817102670669556,0.15913918614387512,0.42600929737091064,0.25175708532333374
129,EDM,0.0,0.0,0.0,0.0,0.0,0.0,0.0
129,Gaussian,0.0093044,0.34007635712623596,0.3889710307121277,0.2601739466190338,0.1804545670747757,0.3600379228591919,0.28087541460990906
129,Delta,0.037986334,0.37889498472213745,0.49056461453437805,0.2822951376438141,0.26238298416137695,0.4458756446838379,0.20809578895568848
130,EDM,0.0,0.0,0.0,0.0,0.0,0.0,0.0
130,Gaussian,0.007831371,0.30306676030158997,0.3586784601211548,0.24048811197280884,0.20208752155303955,0.31683266162872314,0.23275446891784668
130,Delta,0.036136273,0.381578654050827,0.487056702375412,0.2888723611831665,0.21619769930839539,0.3928723931312561,0.2464720755815506
131,EDM,0.0,0.0,0.0,0.0,0.0,0.0,0.0
131,Gaussian,0.008666837,0.3425483703613281,0.4237213730812073,0.29772329330444336,0.21820181608200073,0.44175484776496887,0.38687950372695923
131,Delta,0.057213202,0.39786583185195923,0.5045480728149414,0.3019420802593231,0.2620190382003784,0.38023677468299866,0.2428387552499771
132,EDM,0.0,0.0,0.0,0.0,0.0,0.0,0.0
132,Gaussian,0.008247566,0.34805575013160706,0.4073799252510071,0.2917605936527252,0.2446066439151764,0.39264145493507385,0.34571799635887146
132,Delta,0.036014274,0.3811492621898651,0.5135423541069031,0.3237427771091461,0.18612968921661377,0.41101890802383423,0.20315834879875183
133,EDM,0.0,0.0,0.0,0.0,0.0,0.0,0.0
133,Gaussian,0.009712435,0.36816903948783875,0.4449877142906189,0.30117589235305786,0.2811034321784973,0.445181667804718,0.3706933856010437
133,Delta,0.042597193,0.3779178261756897,0.5628417134284973,0.295467734336853,0.1825505495071411,0.41626858711242676,0.1842649281024933
134,EDM,0.0,0.0,0.0,0.0,0.0,0.0,0.0
134,Gaussian,0.014072969,0.48767781257629395,0.4873901903629303,0.38969454169273376,0.3753485083580017,0.5088292956352234,0.3972674310207367
134,Delta,0.029177917,0.3013061285018921,0.40375569462776184,0.2355278581380844,0.1929885894060135,0.3374629020690918,0.17534716427326202
135,EDM,0.0,0.0,0.0,0.0,0.0,0.0,0.0
135,Gaussian,0.019341359,0.37010514736175537,0.4558342695236206,0.30838149785995483,0.1387549340724945,0.4204387962818146,0.3377263844013214
135,Delta,0.048952352,0.335886150598526,0.41530001163482666,0.26120725274086,0.17681588232517242,0.3012769818305969,0.16370177268981934
136,EDM,0.0,0.0,0.0,0.0,0.0,0.0,0.0
136,Gaussian,0.011095523,0.2702459990978241,0.34758323431015015,0.23487424850463867,0.09733137488365173,0.3162148892879486,0.24583229422569275
136,Delta,0.041010786,0.4275664687156677,0.5389696955680847,0.40413698554039,0.25725823640823364,0.4700832664966583,0.28319475054740906
137,EDM,0.0,0.0,0.0,0.0,0.0,0.0,0.0
137,Gaussian,0.01840621,0.3369673490524292,0.40984708070755005,0.2722276449203491,0.20687797665596008,0.39988425374031067,0.32154297828674316
137,Delta,0.045867544,0.33803340792655945,0.45597997307777405,0.2639836072921753,0.1860189139842987,0.35964179039001465,0.1853908747434616
138,EDM,0.0,0.0,0.0,0.0,0.0,0.0,0.0
138,Gaussian,0.012613102,0.43407875299453735,0.4505946636199951,0.3320595622062683,0.2588076889514923,0.46657341718673706,0.39497318863868713
138,Delta,0.030842299,0.4082425534725189,0.574969470500946,0.34913691878318787,0.28446313738822937,0.4675740897655487,0.281074583530426
139,EDM,0.0,0.0,0.0,0.0,0.0,0.0,0.0
139,Gaussian,0.027183408,0.4344395697116852,0.45969659090042114,0.3195295035839081,0.3133643865585327,0.42650625109672546,0.30596762895584106
139,Delta,0.06481123,0.35713785886764526,0.4735887348651886,0.2583087682723999,0.17477118968963623,0.37172698974609375,0.15947061777114868
140,EDM,0.0,0.0,0.0,0.0,0.0,0.0,0.0
140,Gaussian,0.010027565,0.34331342577934265,0.4251055121421814,0.2965945899486542,0.25089919567108154,0.39354658126831055,0.33573681116104126
140,Delta,0.03130325,0.3311215341091156,0.43417367339134216,0.25421297550201416,0.16576722264289856,0.3557113707065582,0.19630862772464752
141,EDM,0.0,0.0,0.0,0.0,0.0,0.0,0.0
141,Gaussian,0.028838351,0.38013356924057007,0.449075311422348,0.33684223890304565,0.24840542674064636,0.4285527765750885,0.35343247652053833
141,Delta,0.08986614,0.39622223377227783,0.5155811905860901,0.33540594577789307,0.1969338357448578,0.4029422402381897,0.2636477053165436
142,EDM,0.0,0.0,0.0,0.0,0.0,0.0,0.0
142,Gaussian,0.023640914,0.40364208817481995,0.42724609375,0.3330463767051697,0.25597214698791504,0.43017739057540894,0.3833140432834625
142,Delta,0.070786715,0.3777530789375305,0.4658944606781006,0.2907359302043915,0.2027917504310608,0.3960590958595276,0.24900323152542114
143,EDM,0.0,0.0,0.0,0.0,0.0,0.0,0.0
143,Gaussian,0.011663931,0.33268463611602783,0.38990503549575806,0.2678307294845581,0.18420015275478363,0.31649062037467957,0.29100385308265686
143,Delta,0.06080125,0.44073301553726196,0.5568596124649048,0.3720013499259949,0.21757811307907104,0.4902007281780243,0.2487994134426117
144,EDM,0.0,0.0,0.0,0.0,0.0,0.0,0.0
144,Gaussian,0.009373553,0.33719438314437866,0.3736269772052765,0.2445732057094574,0.16307562589645386,0.38062208890914917,0.28347471356391907
144,Delta,0.05019406,0.5100865960121155,0.5952911972999573,0.3983423113822937,0.33147305250167847,0.5180764198303223,0.31319546699523926
145,EDM,0.0,0.0,0.0,0.0,0.0,0.0,0.0
145,Gaussian,0.014287331,0.3799058198928833,0.455707311630249,0.3079972565174103,0.26961028575897217,0.419391393661499,0.34007132053375244
145,Delta,0.053119216,0.43267035484313965,0.5477871894836426,0.36511680483818054,0.22283188998699188,0.4769069254398346,0.26466235518455505
146,EDM,0.0,0.0,0.0,0.0,0.0,0.0,0.0
146,Gaussian,0.014669378,0.359408974647522,0.44377100467681885,0.29113927483558655,0.17810407280921936,0.4228089451789856,0.322586327791214
146,Delta,0.04669267,0.36790913343429565,0.4781702160835266,0.3069201707839966,0.17040319740772247,0.4075085520744324,0.22583560645580292
147,EDM,0.0,0.0,0.0,0.0,0.0,0.0,0.0
147,Gaussian,0.011206004,0.3925415277481079,0.45556116104125977,0.35647690296173096,0.17461174726486206,0.46589159965515137,0.37689927220344543
147,Delta,0.027408952,0.34770622849464417,0.45456331968307495,0.30822277069091797,0.24013836681842804,0.41872984170913696,0.3546827435493469
148,EDM,0.0,0.0,0.0,0.0,0.0,0.0,0.0
148,Gaussian,0.010369611,0.3430643081665039,0.4151687026023865,0.2851853668689728,0.15921583771705627,0.4137715995311737,0.3113945424556732
148,Delta,0.032950543,0.3941352963447571,0.48939216136932373,0.32304996252059937,0.22703714668750763,0.4392356872558594,0.2303459644317627
149,EDM,0.0,0.0,0.0,0.0,0.0,0.0,0.0
149,Gaussian,0.008602564,0.32548439502716064,0.3431271016597748,0.26818156242370605,0.2508091926574707,0.3059488832950592,0.31858623027801514
149,Delta,0.0484641,0.4569578766822815,0.5492762327194214,0.34505102038383484,0.3997274339199066,0.49237480759620667,0.34725621342658997
150,EDM,0.0,0.0,0.0,0.0,0.0,0.0,0.0
150,Gaussian,0.013029511,0.37329837679862976,0.4348069429397583,0.2898045778274536,0.20385000109672546,0.4005111753940582,0.33409586548805237
150,Delta,0.07612092,0.3944051265716553,0.49784186482429504,0.32228022813796997,0.1768089234828949,0.4043395221233368,0.22542735934257507
151,EDM,0.0,0.0,0.0,0.0,0.0,0.0,0.0
151,Gaussian,0.025592042,0.4424535632133484,0.45564717054367065,0.3364354074001312,0.35729604959487915,0.4608907699584961,0.42940908670425415
151,Delta,0.037458017,0.3866429030895233,0.47015291452407837,0.31667637825012207,0.27409598231315613,0.37996014952659607,0.24698269367218018
152,EDM,0.0,0.0,0.0,0.0,0.0,0.0,0.0
152,Gaussian,0.012113862,0.38360536098480225,0.4268113374710083,0.3019058406352997,0.21287024021148682,0.42038556933403015,0.33295029401779175
152,Delta,0.024769127,0.34594452381134033,0.39861929416656494,0.2742665410041809,0.16439691185951233,0.3771165609359741,0.1820344626903534
153,EDM,0.0,0.0,0.0,0.0,0.0,0.0,0.0
153,Gaussian,0.0124141695,0.27426666021347046,0.34441715478897095,0.22303995490074158,0.10293148458003998,0.308291494846344,0.2637174427509308
153,Delta,0.037895497,0.3301827311515808,0.4760890603065491,0.26485463976860046,0.132747083902359,0.33496707677841187,0.15614669024944305
154,EDM,0.0,0.0,0.0,0.0,0.0,0.0,0.0
154,Gaussian,0.009134141,0.3352457284927368,0.38234978914260864,0.2746906876564026,0.18563683331012726,0.3508071303367615,0.3147190511226654
154,Delta,0.039004147,0.33710965514183044,0.4799851179122925,0.29651525616645813,0.15278182923793793,0.369965523481369,0.1817774921655655
155,EDM,0.0,0.0,0.0,0.0,0.0,0.0,0.0
155,Gaussian,0.020348212,0.29242661595344543,0.36125433444976807,0.23035794496536255,0.1439061462879181,0.3143911361694336,0.24252501130104065
155,Delta,0.070987895,0.37064123153686523,0.4628625512123108,0.28907766938209534,0.20560653507709503,0.3270306885242462,0.2801814377307892
156,EDM,0.0,0.0,0.0,0.0,0.0,0.0,0.0
156,Gaussian,0.008400462,0.3521212935447693,0.4318026006221771,0.30755379796028137,0.19283850491046906,0.3972756862640381,0.2894526720046997
156,Delta,0.04412162,0.40464693307876587,0.5180985331535339,0.3432027995586395,0.22495891153812408,0.4048338830471039,0.22853362560272217
157,EDM,0.0,0.0,0.0,0.0,0.0,0.0,0.0
157,Gaussian,0.022668526,0.4121324419975281,0.4770159125328064,0.32889488339424133,0.3189665973186493,0.45295250415802,0.37291935086250305
157,Delta,0.07728303,0.43640777468681335,0.5706843733787537,0.3762534260749817,0.2889356017112732,0.4375651478767395,0.2638436555862427
158,EDM,0.0,0.0,0.0,0.0,0.0,0.0,0.0
158,Gaussian,0.008329851,0.33348438143730164,0.3597659468650818,0.2651265859603882,0.24802783131599426,0.3337711989879608,0.3079029619693756
158,Delta,0.059318874,0.37757861614227295,0.4924958050251007,0.3087368309497833,0.27466636896133423,0.4212583005428314,0.18610545992851257
159,EDM,0.0,0.0,0.0,0.0,0.0,0.0,0.0
159,Gaussian,0.013878819,0.36526423692703247,0.42831549048423767,0.3151244521141052,0.2598811686038971,0.4288446605205536,0.41360557079315186
159,Delta,0.05139813,0.317920446395874,0.4436046779155731,0.266834020614624,0.17143604159355164,0.3384968042373657,0.21357175707817078
160,EDM,0.0,0.0,0.0,0.0,0.0,0.0,0.0
160,Gaussian,0.02176877,0.42118167877197266,0.4478096663951874,0.33819979429244995,0.23996612429618835,0.4619373083114624,0.4491773545742035
160,Delta,0.054875806,0.34590673446655273,0.41835278272628784,0.26651620864868164,0.1633644849061966,0.33059459924697876,0.19997112452983856
161,EDM,0.0,0.0,0.0,0.0,0.0,0.0,0.0
161,Gaussian,0.016293336,0.41015899181365967,0.46199268102645874,0.3316251039505005,0.2893156409263611,0.47999462485313416,0.4159514307975769
161,Delta,0.06329158,0.4385594129562378,0.6209491491317749,0.39151477813720703,0.31878435611724854,0.5336707234382629,0.28251737356185913
162,EDM,0.0,0.0,0.0,0.0,0.0,0.0,0.0
162,Gaussian,0.013872221,0.37030327320098877,0.45213282108306885,0.3145161271095276,0.2611323595046997,0.4068126976490021,0.34123334288597107
162,Delta,0.032979388,0.35710465908050537,0.4898635149002075,0.2848580777645111,0.20544859766960144,0.37455177307128906,0.23431845009326935
163,EDM,0.0,0.0,0.0,0.0,0.0,0.0,0.0
163,Gaussian,0.013082703,0.3231665790081024,0.35371455550193787,0.24224358797073364,0.21246197819709778,0.3473464548587799,0.24109959602355957
163,Delta,0.054487746,0.4203890264034271,0.5262689590454102,0.3232349753379822,0.2769807279109955,0.46470409631729126,0.2818199694156647
164,EDM,0.0,0.0,0.0,0.0,0.0,0.0,0.0
164,Gaussian,0.009982799,0.3108043372631073,0.4018350839614868,0.252713143825531,0.16014361381530762,0.3718404173851013,0.26099318265914917
164,Delta,0.06525535,0.46381527185440063,0.5959285497665405,0.40058356523513794,0.2602445185184479,0.49384376406669617,0.29820454120635986
165,EDM,0.0,0.0,0.0,0.0,0.0,0.0,0.0
165,Gaussian,0.01552089,0.3552194833755493,0.4306402802467346,0.30627861618995667,0.31266000866889954,0.42366963624954224,0.3221415877342224
165,Delta,0.031968486,0.31879758834838867,0.45386597514152527,0.2500913143157959,0.18914280831813812,0.3123679757118225,0.2748405337333679
166,EDM,0.0,0.0,0.0,0.0,0.0,0.0,0.0
166,Gaussian,0.010890335,0.34853559732437134,0.4078904688358307,0.25209110975265503,0.25663524866104126,0.3868710994720459,0.28355783224105835
166,Delta,0.048268754,0.29410940408706665,0.4327698349952698,0.24012696743011475,0.11512593924999237,0.3476907014846802,0.13228663802146912
167,EDM,0.0,0.0,0.0,0.0,0.0,0.0,0.0
167,Gaussian,0.01567308,0.35995879769325256,0.4261206090450287,0.29133227467536926,0.18384753167629242,0.41663050651550293,0.2963530421257019
167,Delta,0.06469352,0.40158557891845703,0.4989984929561615,0.31788450479507446,0.21720919013023376,0.45042479038238525,0.27743151783943176
168,EDM,0.0,0.0,0.0,0.0,0.0,0.0,0.0
168,Gaussian,0.014070652,0.3641825020313263,0.4367673099040985,0.3031541407108307,0.22243478894233704,0.4445328414440155,0.31395554542541504
168,Delta,0.051576793,0.3914010226726532,0.4915165901184082,0.341618150472641,0.2611038088798523,0.37546420097351074,0.23232920467853546
169,EDM,0.0,0.0,0.0,0.0,0.0,0.0,0.0
169,Gaussian,0.022751153,0.42594411969184875,0.44998762011528015,0.30425214767456055,0.27424582839012146,0.42610427737236023,0.3235318064689636
169,Delta,0.044468086,0.38463810086250305,0.519453227519989,0.27480459213256836,0.2052246481180191,0.44821763038635254,0.20776934921741486
170,EDM,0.0,0.0,0.0,0.0,0.0,0.0,0.0
170,Gaussian,0.012253806,0.32593482732772827,0.34308815002441406,0.24189986288547516,0.15628914535045624,0.3234114646911621,0.28352582454681396
170,Delta,0.057426717,0.4520101547241211,0.5514468550682068,0.34242695569992065,0.21472904086112976,0.45816540718078613,0.28171035647392273
171,EDM,0.0,0.0,0.0,0.0,0.0,0.0,0.0
171,Gaussian,0.012278813,0.34637537598609924,0.4200748801231384,0.30208447575569153,0.16244962811470032,0.36688220500946045,0.31570249795913696
171,Delta,0.028472021,0.2677266001701355,0.3778957426548004,0.2307252734899521,0.09772452712059021,0.2767705023288727,0.1517966389656067
172,EDM,0.0,0.0,0.0,0.0,0.0,0.0,0.0
172,Gaussian,0.013689865,0.3708800673484802,0.427187442779541,0.307686984539032,0.26419973373413086,0.4280335307121277,0.3091681897640228
172,Delta,0.045766354,0.31377121806144714,0.4163675606250763,0.25345465540885925,0.1256846785545349,0.30728548765182495,0.21417547762393951
173,EDM,0.0,0.0,0.0,0.0,0.0,0.0,0.0
173,Gaussian,0.022786483,0.40120795369148254,0.4300239384174347,0.32306328415870667,0.18298248946666718,0.3685342073440552,0.36515069007873535
173,Delta,0.05631083,0.30441322922706604,0.36720409989356995,0.2208588719367981,0.2242913842201233,0.2765040099620819,0.15140816569328308
174,EDM,0.0,0.0,0.0,0.0,0.0,0.0,0.0
174,Gaussian,0.027274007,0.33620452880859375,0.3985826373100281,0.26771795749664307,0.14995422959327698,0.37379398941993713,0.2701326608657837
174,Delta,0.086750865,0.33373039960861206,0.42591679096221924,0.23314189910888672,0.1687076985836029,0.3174288272857666,0.17788510024547577
175,EDM,0.0,0.0,0.0,0.0,0.0,0.0,0.0
175,Gaussian,0.00947544,0.3138928711414337,0.3458782732486725,0.2429349720478058,0.1690061241388321,0.3219538927078247,0.2371547818183899
175,Delta,0.038418557,0.3440413475036621,0.48483091592788696,0.26330849528312683,0.12766782939434052,0.33912813663482666,0.1623564511537552
176,EDM,0.0,0.0,0.0,0.0,0.0,0.0,0.0
176,Gaussian,0.016082605,0.33033034205436707,0.36419934034347534,0.25635775923728943,0.11852030456066132,0.3030320405960083,0.2706679105758667
176,Delta,0.061125528,0.3678593337535858,0.49670472741127014,0.300528347492218,0.13773103058338165,0.4174458980560303,0.18507497012615204
177,EDM,0.0,0.0,0.0,0.0,0.0,0.0,0.0
177,Gaussian,0.011007036,0.3494744598865509,0.42985063791275024,0.2782079577445984,0.23569533228874207,0.42182832956314087,0.2940390706062317
177,Delta,0.06492559,0.42206302285194397,0.5211432576179504,0.310162216424942,0.3140396773815155,0.3546086251735687,0.2684410512447357
178,EDM,0.0,0.0,0.0,0.0,0.0,0.0,0.0
178,Gaussian,0.014862026,0.3499642610549927,0.4354451894760132,0.2863462567329407,0.2014145702123642,0.3939037621021271,0.36976954340934753
178,Delta,0.054014128,0.3613073229789734,0.4573677182197571,0.28680557012557983,0.23937836289405823,0.3863622844219208,0.18116030097007751
179,EDM,0.0,0.0,0.0,0.0,0.0,0.0,0.0
179,Gaussian,0.009602653,0.4202970564365387,0.45476585626602173,0.3426133990287781,0.2909802794456482,0.43056461215019226,0.41165417432785034
179,Delta,0.03593026,0.4249860346317291,0.5303833484649658,0.3251425325870514,0.230498805642128,0.4701870083808899,0.2437533587217331
180,EDM,0.0,0.0,0.0,0.0,0.0,0.0,0.0
180,Gaussian,0.015112641,0.3600369989871979,0.4309190511703491,0.30945640802383423,0.274931401014328,0.4021029770374298,0.3869408965110779
180,Delta,0.051963955,0.36172693967819214,0.49548831582069397,0.304477721452713,0.1770971715450287,0.32309049367904663,0.22628921270370483
181,EDM,0.0,0.0,0.0,0.0,0.0,0.0,0.0
181,Gaussian,0.014630254,0.37808799743652344,0.4128720164299011,0.2893400490283966,0.21591252088546753,0.3621009886264801,0.3215186893939972
181,Delta,0.049542546,0.3714638948440552,0.479113906621933,0.3123650848865509,0.16832959651947021,0.37992608547210693,0.2266663908958435
182,EDM,0.0,0.0,0.0,0.0,0.0,0.0,0.0
182,Gaussian,0.010174374,0.34011954069137573,0.40767425298690796,0.2705320715904236,0.20124056935310364,0.42262470722198486,0.3239981532096863
182,Delta,0.020500755,0.29701435565948486,0.4250391125679016,0.24912415444850922,0.21146854758262634,0.3047980070114136,0.1599925309419632
183,EDM,0.0,0.0,0.0,0.0,0.0,0.0,0.0
183,Gaussian,0.010603969,0.36801329255104065,0.4204775094985962,0.2811160385608673,0.2371494621038437,0.4383324086666107,0.3465185761451721
183,Delta,0.06487939,0.44948071241378784,0.5143557786941528,0.36752253770828247,0.22222907841205597,0.4525785446166992,0.2734065055847168
184,EDM,0.0,0.0,0.0,0.0,0.0,0.0,0.0
184,Gaussian,0.021752631,0.41507893800735474,0.45768478512763977,0.3051862418651581,0.31961849331855774,0.4039665460586548,0.34215977787971497
184,Delta,0.052837443,0.360119104385376,0.46324020624160767,0.3142006993293762,0.2468898594379425,0.3811533749103546,0.24311447143554688
185,EDM,0.0,0.0,0.0,0.0,0.0,0.0,0.0
185,Gaussian,0.010758586,0.3565211594104767,0.4074438810348511,0.29349684715270996,0.22026056051254272,0.44584956765174866,0.30725908279418945
185,Delta,0.084251665,0.49393230676651,0.5901110172271729,0.40267497301101685,0.34559428691864014,0.5252407789230347,0.3541581630706787
186,EDM,0.0,0.0,0.0,0.0,0.0,0.0,0.0
186,Gaussian,0.009938462,0.3295108675956726,0.39064058661460876,0.2519831359386444,0.18980823457241058,0.35072413086891174,0.24817527830600739
186,Delta,0.032628622,0.33219537138938904,0.4699389934539795,0.2912992238998413,0.2509258985519409,0.33799290657043457,0.17282435297966003
187,EDM,0.0,0.0,0.0,0.0,0.0,0.0,0.0
187,Gaussian,0.009194258,0.329995334148407,0.4072142243385315,0.274691104888916,0.1912950575351715,0.4201176166534424,0.33785274624824524
187,Delta,0.036824737,0.3492008149623871,0.4756665825843811,0.306637704372406,0.24762429296970367,0.4165855646133423,0.23672273755073547
188,EDM,0.0,0.0,0.0,0.0,0.0,0.0,0.0
188,Gaussian,0.01378836,0.3822755813598633,0.4522615671157837,0.30183935165405273,0.24124354124069214,0.4324415922164917,0.3686697483062744
188,Delta,0.041117992,0.3370882272720337,0.48150110244750977,0.30093619227409363,0.14964193105697632,0.3785306513309479,0.2297852486371994
189,EDM,0.0,0.0,0.0,0.0,0.0,0.0,0.0
189,Gaussian,0.012758781,0.33886951208114624,0.3950095772743225,0.26947692036628723,0.17914912104606628,0.3547018766403198,0.25772160291671753
189,Delta,0.0541371,0.38874566555023193,0.5368147492408752,0.33948981761932373,0.19059112668037415,0.4168959856033325,0.22867952287197113
190,EDM,0.0,0.0,0.0,0.0,0.0,0.0,0.0
190,Gaussian,0.008112213,0.3278973698616028,0.4043302536010742,0.2688924968242645,0.21839745342731476,0.3516644239425659,0.2963021695613861
190,Delta,0.050206587,0.40663573145866394,0.503146767616272,0.33970198035240173,0.24036170542240143,0.40488600730895996,0.20762228965759277
191,EDM,0.0,0.0,0.0,0.0,0.0,0.0,0.0
191,Gaussian,0.009768976,0.39272746443748474,0.4305318593978882,0.31094062328338623,0.2783135175704956,0.45412835478782654,0.3848627805709839
191,Delta,0.038702037,0.458498477935791,0.5413994789123535,0.3653657138347626,0.2371436059474945,0.48278290033340454,0.27900242805480957
192,EDM,0.0,0.0,0.0,0.0,0.0,0.0,0.0
192,Gaussian,0.0124446815,0.3389325737953186,0.4138282537460327,0.2839166820049286,0.1707770973443985,0.37372007966041565,0.31951358914375305
192,Delta,0.07675897,0.4269547164440155,0.5043275356292725,0.32301798462867737,0.2059922218322754,0.5058348774909973,0.16721904277801514
193,EDM,0.0,0.0,0.0,0.0,0.0,0.0,0.0
193,Gaussian,0.008832493,0.3291770815849304,0.3831329941749573,0.25936654210090637,0.22482681274414062,0.3555046319961548,0.2927826941013336
193,Delta,0.052464735,0.40186169743537903,0.5738299489021301,0.3625783920288086,0.24580073356628418,0.4227076470851898,0.22800080478191376
194,EDM,0.0,0.0,0.0,0.0,0.0,0.0,0.0
194,Gaussian,0.009106672,0.32979458570480347,0.36971229314804077,0.2656826078891754,0.22819215059280396,0.3388559818267822,0.28897982835769653
194,Delta,0.06534529,0.4706048369407654,0.5766973495483398,0.4096325635910034,0.27998197078704834,0.4600103795528412,0.26064038276672363
195,EDM,0.0,0.0,0.0,0.0,0.0,0.0,0.0
195,Gaussian,0.0141705545,0.40176156163215637,0.4645799994468689,0.32434090971946716,0.27282848954200745,0.4906885027885437,0.3983057141304016
195,Delta,0.059614945,0.46957695484161377,0.5854681134223938,0.4249335527420044,0.3304358720779419,0.5594936609268188,0.3826867341995239
196,EDM,0.0,0.0,0.0,0.0,0.0,0.0,0.0
196,Gaussian,0.019199261,0.3814355432987213,0.39005833864212036,0.27291515469551086,0.19237461686134338,0.3610626757144928,0.3251872956752777
196,Delta,0.056439888,0.41090214252471924,0.48334813117980957,0.31212133169174194,0.18895941972732544,0.3676203489303589,0.18942148983478546
197,EDM,0.0,0.0,0.0,0.0,0.0,0.0,0.0
197,Gaussian,0.015191302,0.36321794986724854,0.40696340799331665,0.2992308735847473,0.179399311542511,0.3498574495315552,0.274739533662796
197,Delta,0.031368684,0.33817169070243835,0.4683808982372284,0.2830974757671356,0.18522386252880096,0.3610018491744995,0.2142239362001419
198,EDM,0.0,0.0,0.0,0.0,0.0,0.0,0.0
198,Gaussian,0.016090946,0.41808295249938965,0.4594142436981201,0.33156710863113403,0.2972441613674164,0.4607287049293518,0.38384824991226196
198,Delta,0.041875575,0.32736772298812866,0.3978351056575775,0.28123003244400024,0.22752463817596436,0.3438541889190674,0.2330739051103592
199,EDM,0.0,0.0,0.0,0.0,0.0,0.0,0.0
199,Gaussian,0.016304614,0.41903749108314514,0.4530186057090759,0.3259560763835907,0.19686384499073029,0.44637441635131836,0.3315708041191101
199,Delta,0.030823683,0.290092408657074,0.3851393461227417,0.2261407971382141,0.1899162381887436,0.36085373163223267,0.17859810590744019
200,EDM,0.0,0.0,0.0,0.0,0.0,0.0,0.0
200,Gaussian,0.028128913,0.39771774411201477,0.4357314705848694,0.29635047912597656,0.23235754668712616,0.40079382061958313,0.2579202651977539
200,Delta,0.07107035,0.30835771560668945,0.4157029986381531,0.23912930488586426,0.14462903141975403,0.3162279427051544,0.16397252678871155
201,EDM,0.0,0.0,0.0,0.0,0.0,0.0,0.0
201,Gaussian,0.018595297,0.3461378216743469,0.4396529793739319,0.2792282998561859,0.20442229509353638,0.3724655508995056,0.3488469123840332
201,Delta,0.060287148,0.3216060698032379,0.4253914952278137,0.2698438763618469,0.22276011109352112,0.4017373323440552,0.20781788229942322
202,EDM,0.0,0.0,0.0,0.0,0.0,0.0,0.0
202,Gaussian,0.025468325,0.4152347445487976,0.43617284297943115,0.3310951888561249,0.2555992901325226,0.42007601261138916,0.3687649965286255
202,Delta,0.05184166,0.2961685359477997,0.4053153395652771,0.22824208438396454,0.1874483823776245,0.27829545736312866,0.1483123004436493
203,EDM,0.0,0.0,0.0,0.0,0.0,0.0,0.0
203,Gaussian,0.012421309,0.4692327380180359,0.44902700185775757,0.364166796207428,0.3411354124546051,0.4954565763473511,0.38284236192703247
203,Delta,0.023072893,0.37331652641296387,0.43894094228744507,0.28601133823394775,0.20681412518024445,0.43761271238327026,0.23600491881370544
204,EDM,0.0,0.0,0.0,0.0,0.0,0.0,0.0
204,Gaussian,0.009090419,0.308430939912796,0.3529643416404724,0.2517645061016083,0.12853498756885529,0.3660701811313629,0.2564471960067749
204,Delta,0.055830885,0.421088844537735,0.5104321837425232,0.35493698716163635,0.28221142292022705,0.4143047034740448,0.26678651571273804
205,EDM,0.0,0.0,0.0,0.0,0.0,0.0,0.0
205,Gaussian,0.017536433,0.41145527362823486,0.44799545407295227,0.31320589780807495,0.1787678301334381,0.380570650100708,0.32655632495880127
205,Delta,0.086582296,0.4665868580341339,0.568710207939148,0.3544183373451233,0.27178823947906494,0.48122093081474304,0.26082295179367065
206,EDM,0.0,0.0,0.0,0.0,0.0,0.0,0.0
206,Gaussian,0.010197501,0.3260686993598938,0.35161346197128296,0.2162027359008789,0.14902867376804352,0.30206799507141113,0.22595617175102234
206,Delta,0.032647405,0.3516111969947815,0.510709285736084,0.32037732005119324,0.18128153681755066,0.3790329098701477,0.20311450958251953
207,EDM,0.0,0.0,0.0,0.0,0.0,0.0,0.0
207,Gaussian,0.015098055,0.39467963576316833,0.44756966829299927,0.309108704328537,0.1987295299768448,0.4540306627750397,0.3195715844631195
207,Delta,0.027153453,0.3050245940685272,0.41485118865966797,0.23966695368289948,0.17369139194488525,0.3095228970050812,0.1607052981853485
208,EDM,0.0,0.0,0.0,0.0,0.0,0.0,0.0
208,Gaussian,0.014691305,0.336692750453949,0.427848756313324,0.26993638277053833,0.1573222130537033,0.3961963653564453,0.3190050721168518
208,Delta,0.049048077,0.361002653837204,0.4783039689064026,0.2896620035171509,0.19747744500637054,0.40437060594558716,0.1915311962366104
209,EDM,0.0,0.0,0.0,0.0,0.0,0.0,0.0
209,Gaussian,0.015777668,0.38367760181427,0.4151920676231384,0.292388916015625,0.26424336433410645,0.4037932753562927,0.3788294196128845
209,Delta,0.038391463,0.24131298065185547,0.3649047017097473,0.18696998059749603,0.12933315336704254,0.2527247965335846,0.1199098527431488
210,EDM,0.0,0.0,0.0,0.0,0.0,0.0,0.0
210,Gaussian,0.009520955,0.30953118205070496,0.3674022853374481,0.23831146955490112,0.1471758633852005,0.35652774572372437,0.27256226539611816
210,Delta,0.04494909,0.351589560508728,0.4616379737854004,0.2842015027999878,0.2001335471868515,0.36156150698661804,0.19848239421844482
211,EDM,0.0,0.0,0.0,0.0,0.0,0.0,0.0
211,Gaussian,0.011281478,0.39202776551246643,0.43698957562446594,0.3014867901802063,0.25270912051200867,0.414569228887558,0.2914733588695526
211,Delta,0.048461664,0.45056673884391785,0.5490248203277588,0.3571816682815552,0.31269216537475586,0.4714800715446472,0.34249192476272583
212,EDM,0.0,0.0,0.0,0.0,0.0,0.0,0.0
212,Gaussian,0.01077075,0.3020140528678894,0.37635713815689087,0.24158084392547607,0.18667437136173248,0.3653090000152588,0.27247682213783264
212,Delta,0.04100131,0.3676207363605499,0.4797030985355377,0.2924603223800659,0.1635303497314453,0.41299691796302795,0.23709234595298767
213,EDM,0.0,0.0,0.0,0.0,0.0,0.0,0.0
213,Gaussian,0.008774159,0.3265525698661804,0.38096529245376587,0.22958923876285553,0.14012378454208374,0.3131136894226074,0.2286534160375595
213,Delta,0.061381202,0.34192001819610596,0.5129154324531555,0.28308433294296265,0.1659899801015854,0.3521515727043152,0.153578519821167
214,EDM,0.0,0.0,0.0,0.0,0.0,0.0,0.0
214,Gaussian,0.00937651,0.316732257604599,0.4121290147304535,0.2723260521888733,0.20321635901927948,0.3842562139034271,0.32386457920074463
214,Delta,0.02925987,0.336495041847229,0.48711591958999634,0.2707725167274475,0.15361474454402924,0.3874318599700928,0.21756723523139954
215,EDM,0.0,0.0,0.0,0.0,0.0,0.0,0.0
215,Gaussian,0.0122067155,0.35043686628341675,0.4247726798057556,0.2838161885738373,0.15638548135757446,0.37752407789230347,0.3730784058570862
215,Delta,0.07590895,0.45794615149497986,0.563746452331543,0.3730584979057312,0.23430615663528442,0.47259312868118286,0.26033544540405273
216,EDM,0.0,0.0,0.0,0.0,0.0,0.0,0.0
216,Gaussian,0.013365303,0.36602556705474854,0.40453243255615234,0.28855156898498535,0.2578485310077667,0.33421850204467773,0.37932267785072327
216,Delta,0.05534652,0.4213785231113434,0.5562530159950256,0.3454520106315613,0.256129652261734,0.4136104881763458,0.2562932074069977
217,EDM,0.0,0.0,0.0,0.0,0.0,0.0,0.0
217,Gaussian,0.014589849,0.3634028136730194,0.4594652056694031,0.3130469024181366,0.2771090269088745,0.45256125926971436,0.32472190260887146
217,Delta,0.037061464,0.29957664012908936,0.4120914340019226,0.24863189458847046,0.20064671337604523,0.28274285793304443,0.19729280471801758
218,EDM,0.0,0.0,0.0,0.0,0.0,0.0,0.0
218,Gaussian,0.015860325,0.4089389145374298,0.4466383457183838,0.32219958305358887,0.2885187864303589,0.4468885064125061,0.36541756987571716
218,Delta,0.059624355,0.4161413013935089,0.5092824101448059,0.3312641680240631,0.2675839364528656,0.4744625687599182,0.22362513840198517
219,EDM,0.0,0.0,0.0,0.0,0.0,0.0,0.0
219,Gaussian,0.025578097,0.38298743963241577,0.40309175848960876,0.3092547655105591,0.13805259764194489,0.40185514092445374,0.3056885302066803
219,Delta,0.06101975,0.2945353388786316,0.3595206141471863,0.21969091892242432,0.14044137299060822,0.30611786246299744,0.10805414617061615
220,EDM,0.0,0.0,0.0,0.0,0.0,0.0,0.0
220,Gaussian,0.00691264,0.30915528535842896,0.35093003511428833,0.2297648787498474,0.1995784342288971,0.365977942943573,0.29558372497558594
220,Delta,0.026561232,0.2972886562347412,0.4238341450691223,0.2393171489238739,0.1552661955356598,0.3170590102672577,0.17002567648887634
221,EDM,0.0,0.0,0.0,0.0,0.0,0.0,0.0
221,Gaussian,0.02060184,0.41121160984039307,0.45693570375442505,0.3228019177913666,0.26722896099090576,0.45032572746276855,0.38431334495544434
221,Delta,0.069458835,0.4111422896385193,0.5022915601730347,0.3310319781303406,0.2524048388004303,0.3881652057170868,0.23886647820472717
222,EDM,0.0,0.0,0.0,0.0,0.0,0.0,0.0
222,Gaussian,0.009444333,0.30850476026535034,0.38336628675460815,0.23097637295722961,0.19418209791183472,0.3510178327560425,0.286122590303421
222,Delta,0.043070953,0.3589556813240051,0.43911781907081604,0.2869736850261688,0.18696501851081848,0.3758032023906708,0.18280242383480072
223,EDM,0.0,0.0,0.0,0.0,0.0,0.0,0.0
223,Gaussian,0.010012065,0.4022887349128723,0.4299217760562897,0.3295205533504486,0.3230611979961395,0.4097530245780945,0.33768075704574585
223,Delta,0.022152474,0.38451212644577026,0.48685377836227417,0.2922554016113281,0.2566239833831787,0.43772760033607483,0.26855233311653137
224,EDM,0.0,0.0,0.0,0.0,0.0,0.0,0.0
224,Gaussian,0.014216419,0.31758707761764526,0.419842004776001,0.30715301632881165,0.24065947532653809,0.3943040370941162,0.33124396204948425
224,Delta,0.037040573,0.31527993083000183,0.4555642604827881,0.30208542943000793,0.26307281851768494,0.42570289969444275,0.23719999194145203
225,EDM,0.0,0.0,0.0,0.0,0.0,0.0,0.0
225,Gaussian,0.0146145895,0.43110114336013794,0.46633583307266235,0.36365243792533875,0.2582666873931885,0.4977881908416748,0.4354386329650879
225,Delta,0.037300333,0.4678051769733429,0.532578706741333,0.3805999159812927,0.23563027381896973,0.47263142466545105,0.28782129287719727
226,EDM,0.0,0.0,0.0,0.0,0.0,0.0,0.0
226,Gaussian,0.01317015,0.319694846868515,0.3909836411476135,0.24659444391727448,0.1553904265165329,0.36312034726142883,0.29316699504852295
226,Delta,0.02356281,0.30768364667892456,0.4385051429271698,0.282642126083374,0.1762544810771942,0.36193013191223145,0.17029647529125214
227,EDM,0.0,0.0,0.0,0.0,0.0,0.0,0.0
227,Gaussian,0.0130010145,0.35001641511917114,0.39178794622421265,0.2783088982105255,0.18679985404014587,0.38567471504211426,0.31814366579055786
227,Delta,0.048639923,0.33206889033317566,0.4740282893180847,0.2819054126739502,0.1820666790008545,0.33624517917633057,0.16572265326976776
228,EDM,0.0,0.0,0.0,0.0,0.0,0.0,0.0
228,Gaussian,0.01663925,0.3671358525753021,0.4424557685852051,0.31893110275268555,0.2584361433982849,0.42237621545791626,0.3610406219959259
228,Delta,0.061917234,0.42649292945861816,0.5505062341690063,0.36174091696739197,0.24473170936107635,0.4364657700061798,0.28058600425720215
229,EDM,0.0,0.0,0.0,0.0,0.0,0.0,0.0
229,Gaussian,0.018755319,0.38041678071022034,0.427412211894989,0.3155662417411804,0.17735014855861664,0.4233338534832001,0.34199535846710205
229,Delta,0.051488314,0.33511900901794434,0.4182897210121155,0.27898481488227844,0.17031516134738922,0.39525848627090454,0.18545883893966675
230,EDM,0.0,0.0,0.0,0.0,0.0,0.0,0.0
230,Gaussian,0.010812136,0.29528170824050903,0.381409227848053,0.2530193030834198,0.10692843794822693,0.28989142179489136,0.23150494694709778
230,Delta,0.01817034,0.31322017312049866,0.4263787269592285,0.2480834722518921,0.1483592391014099,0.3409321904182434,0.16156482696533203
231,EDM,0.0,0.0,0.0,0.0,0.0,0.0,0.0
231,Gaussian,0.022238076,0.3705528676509857,0.4056962728500366,0.2856959104537964,0.17420826852321625,0.39739617705345154,0.3149447441101074
231,Delta,0.05630858,0.33735761046409607,0.4561014771461487,0.2975398600101471,0.16239427030086517,0.40548041462898254,0.15570323169231415
232,EDM,0.0,0.0,0.0,0.0,0.0,0.0,0.0
232,Gaussian,0.007822871,0.3500925302505493,0.3886623978614807,0.2936283349990845,0.2706039845943451,0.4327854812145233,0.3988026976585388
232,Delta,0.042385522,0.3866991400718689,0.5217515230178833,0.3387022912502289,0.24045325815677643,0.42273634672164917,0.2614450752735138
233,EDM,0.0,0.0,0.0,0.0,0.0,0.0,0.0
233,Gaussian,0.010962156,0.3753748834133148,0.4232116639614105,0.2965427339076996,0.24987496435642242,0.4772328734397888,0.3857837915420532
233,Delta,0.040446263,0.36558136343955994,0.48217159509658813,0.31789475679397583,0.2385774552822113,0.4172154366970062,0.26630058884620667
234,EDM,0.0,0.0,0.0,0.0,0.0,0.0,0.0
234,Gaussian,0.008668416,0.36474546790122986,0.4077497124671936,0.2765691578388214,0.19447115063667297,0.3960966467857361,0.3622611165046692
234,Delta,0.032989603,0.3804583251476288,0.46318864822387695,0.2884920537471771,0.19945022463798523,0.3477286696434021,0.16486039757728577
235,EDM,0.0,0.0,0.0,0.0,0.0,0.0,0.0
235,Gaussian,0.009134657,0.3636053204536438,0.41245967149734497,0.28539618849754333,0.2100391834974289,0.3790293335914612,0.3015311658382416
235,Delta,0.06494261,0.3575083613395691,0.4764223098754883,0.3110709488391876,0.29881027340888977,0.37058353424072266,0.2373720109462738
236,EDM,0.0,0.0,0.0,0.0,0.0,0.0,0.0
236,Gaussian,0.0158929,0.4276796579360962,0.41684389114379883,0.3287869393825531,0.23566651344299316,0.39301741123199463,0.34213876724243164
236,Delta,0.063389055,0.5429787635803223,0.606080174446106,0.4487496316432953,0.38088035583496094,0.46936631202697754,0.3626263737678528
237,EDM,0.0,0.0,0.0,0.0,0.0,0.0,0.0
237,Gaussian,0.008231663,0.3288252353668213,0.40352368354797363,0.2567046582698822,0.18422931432724,0.3714812397956848,0.3435642123222351
237,Delta,0.05281326,0.3788711428642273,0.530407190322876,0.32489272952079773,0.24198536574840546,0.3861916661262512,0.24853084981441498
238,EDM,0.0,0.0,0.0,0.0,0.0,0.0,0.0
238,Gaussian,0.011688578,0.3253782093524933,0.36870962381362915,0.24815736711025238,0.2059709131717682,0.3310750126838684,0.21762877702713013
238,Delta,0.045279857,0.30534055829048157,0.4403241276741028,0.23632335662841797,0.13456183671951294,0.29990631341934204,0.14286473393440247
239,EDM,0.0,0.0,0.0,0.0,0.0,0.0,0.0
239,Gaussian,0.016333481,0.38065552711486816,0.4356509745121002,0.3267030715942383,0.22938042879104614,0.4212077856063843,0.4328535795211792
239,Delta,0.06626996,0.4579148590564728,0.5454986095428467,0.4079470932483673,0.32112494111061096,0.49083054065704346,0.32401716709136963
240,EDM,0.0,0.0,0.0,0.0,0.0,0.0,0.0
240,Gaussian,0.010189928,0.365641325712204,0.4257463812828064,0.3094424605369568,0.24549752473831177,0.46287715435028076,0.34014564752578735
240,Delta,0.031095937,0.3451102375984192,0.4967570900917053,0.2939225137233734,0.23727470636367798,0.36082524061203003,0.21127314865589142
241,EDM,0.0,0.0,0.0,0.0,0.0,0.0,0.0
241,Gaussian,0.01564798,0.44974958896636963,0.4755512475967407,0.3368491530418396,0.3425281047821045,0.4398852288722992,0.3418850898742676
241,Delta,0.03886222,0.4587476849555969,0.5850416421890259,0.36463725566864014,0.2704739570617676,0.49525201320648193,0.2815152406692505
242,EDM,0.0,0.0,0.0,0.0,0.0,0.0,0.0
242,Gaussian,0.02056001,0.38342976570129395,0.428363561630249,0.3192577362060547,0.2003222107887268,0.39299535751342773,0.35451945662498474
242,Delta,0.03231347,0.21477442979812622,0.32085996866226196,0.17671379446983337,0.09041513502597809,0.22663724422454834,0.11956184357404709
243,EDM,0.0,0.0,0.0,0.0,0.0,0.0,0.0
243,Gaussian,0.014636051,0.39429283142089844,0.4438268542289734,0.30176904797554016,0.24990734457969666,0.4355933666229248,0.37398281693458557
243,Delta,0.07104317,0.5070474743843079,0.5995509624481201,0.4087449908256531,0.31164276599884033,0.475163996219635,0.31722092628479004
244,EDM,0.0,0.0,0.0,0.0,0.0,0.0,0.0
244,Gaussian,0.011125897,0.35616543889045715,0.43561509251594543,0.30150479078292847,0.16117694973945618,0.40114930272102356,0.3483985960483551
244,Delta,0.04391711,0.44967514276504517,0.6209654211997986,0.38710498809814453,0.2795077860355377,0.511561393737793,0.28692978620529175
245,EDM,0.0,0.0,0.0,0.0,0.0,0.0,0.0
245,Gaussian,0.013112563,0.414758563041687,0.4659635126590729,0.3320114016532898,0.26258087158203125,0.4811432957649231,0.35817790031433105
245,Delta,0.036241945,0.3664795458316803,0.49351948499679565,0.3147505223751068,0.28408247232437134,0.3790237307548523,0.26674026250839233
246,EDM,0.0,0.0,0.0,0.0,0.0,0.0,0.0
246,Gaussian,0.020418918,0.43662840127944946,0.4779277443885803,0.3735242486000061,0.28346410393714905,0.46818143129348755,0.37223803997039795
246,Delta,0.025763912,0.2720576524734497,0.3836153745651245,0.22166499495506287,0.11525847017765045,0.33222460746765137,0.13442778587341309
247,EDM,0.0,0.0,0.0,0.0,0.0,0.0,0.0
247,Gaussian,0.021284396,0.4171084463596344,0.493665874004364,0.3694894313812256,0.26558971405029297,0.5135162472724915,0.46125173568725586
247,Delta,0.06308807,0.3972604274749756,0.5195995569229126,0.31912991404533386,0.22618412971496582,0.4410898685455322,0.24152928590774536
248,EDM,0.0,0.0,0.0,0.0,0.0,0.0,0.0
248,Gaussian,0.009248058,0.29513081908226013,0.3710314631462097,0.271231472492218,0.21193790435791016,0.3524233102798462,0.24967263638973236
248,Delta,0.04719913,0.4122556149959564,0.5343564748764038,0.3778837323188782,0.278713196516037,0.47170424461364746,0.3192112445831299
249,EDM,0.0,0.0,0.0,0.0,0.0,0.0,0.0
249,Gaussian,0.010905374,0.34377729892730713,0.3941884934902191,0.2903696894645691,0.19759130477905273,0.3641556203365326,0.295926034450531
249,Delta,0.06888666,0.461527019739151,0.5821348428726196,0.39122527837753296,0.2977718114852905,0.5374593138694763,0.3588397800922394
250,EDM,0.0,0.0,0.0,0.0,0.0,0.0,0.0
250,Gaussian,0.009606071,0.3631255626678467,0.43543243408203125,0.29108375310897827,0.2580989599227905,0.4158385097980499,0.37149953842163086
250,Delta,0.058357373,0.4384652376174927,0.5732109546661377,0.3580038845539093,0.2998514473438263,0.48609864711761475,0.26390883326530457
251,EDM,0.0,0.0,0.0,0.0,0.0,0.0,0.0
251,Gaussian,0.014982072,0.41807276010513306,0.4595983624458313,0.324821412563324,0.22059226036071777,0.4735892117023468,0.3034417927265167
251,Delta,0.098749824,0.46576598286628723,0.5819233655929565,0.4023570716381073,0.29227882623672485,0.45789265632629395,0.2988353669643402
252,EDM,0.0,0.0,0.0,0.0,0.0,0.0,0.0
252,Gaussian,0.009867256,0.3390757441520691,0.41064393520355225,0.28332459926605225,0.26547160744667053,0.3703511953353882,0.3151739835739136
252,Delta,0.04078392,0.3210392892360687,0.44502463936805725,0.23468813300132751,0.15289925038814545,0.3112448453903198,0.1664687842130661
253,EDM,0.0,0.0,0.0,0.0,0.0,0.0,0.0
253,Gaussian,0.010311962,0.32666364312171936,0.42579805850982666,0.2781866192817688,0.18621012568473816,0.36619025468826294,0.3456551432609558
253,Delta,0.04561143,0.39281293749809265,0.5349828600883484,0.31662866473197937,0.22261354327201843,0.4080319106578827,0.20175471901893616
254,EDM,0.0,0.0,0.0,0.0,0.0,0.0,0.0
254,Gaussian,0.012472716,0.36282849311828613,0.4137148857116699,0.2949349582195282,0.18911030888557434,0.3790372908115387,0.2730172574520111
254,Delta,0.026207006,0.3255413770675659,0.4324984550476074,0.2475711852312088,0.18739934265613556,0.3586750626564026,0.190412700176239
255,EDM,0.0,0.0,0.0,0.0,0.0,0.0,0.0
255,Gaussian,0.008698215,0.35258209705352783,0.40456175804138184,0.3038690984249115,0.29747453331947327,0.4308793544769287,0.3618377149105072
255,Delta,0.039024755,0.4335763156414032,0.5713603496551514,0.3789657950401306,0.2250918447971344,0.47880226373672485,0.28652650117874146
